"datum";"exc_id";"brand2011";"zone";"beh_typ";"aant_bloeist_pijpenstro";"mos";"kale_bodem";"totale_bedekking";"staal_ingezameld";"andere";"fijne_grassen";"heide";"pijpenstro"
2011-08-09;"LV1";"ja";7;"BGR";10;0;95;5;TRUE;0;0;0;3
2011-08-09;"LV1";"ja";8;"BGR";0;0;99;1;FALSE;0;0;0;0,5
2011-08-09;"LV1";"ja";9;"BGR";39;0;85;15;FALSE;0;0;0;15
2011-08-09;"LV2";"nee";1;"EXC";0;0;55;45;FALSE;0;0;3;0
2011-08-09;"LV2";"nee";1;"EXC";117;0;55;45;TRUE;0;0;0;45
2011-08-09;"LV2";"nee";2;"EXC";2;0;85;15;TRUE;0;0;0;15
2011-08-09;"LV2";"nee";3;"EXC";127;0,5;75;25;TRUE;0;0;0;25
2011-08-09;"LV2";"nee";3;"EXC";0;0,5;75;25;FALSE;0;0;0,5;0
2011-08-09;"LV2";"nee";4;"EXC";112;0;65;35;TRUE;0;0;0;35
2011-08-09;"LV2";"nee";4;"EXC";0;0;65;35;FALSE;0;0;0,5;0
2011-08-09;"LV2";"nee";5;"EXC";136;25;0,5;99,5;TRUE;0;0;0;75
2011-08-09;"LV2";"nee";6;"BGR";3;0;75;25;TRUE;0;0;0;45
2011-08-09;"LV2";"nee";6;"BGR";0;0;75;25;FALSE;0,5;0;3;0
2011-08-09;"LV2";"nee";7;"BGR";33;3;75;25;TRUE;0;0;0;25
2011-08-09;"LV2";"nee";7;"BGR";0;3;75;25;FALSE;3;0;3;0
2011-08-09;"LV2";"nee";8;"BGR";141;0;55;45;TRUE;0;0;0;45
2011-08-09;"LV2";"nee";9;"BGR";62;0;75;25;TRUE;0;0;0;25
2011-09-26;"GB1";"nee";1;"EXC";0;85;0;100;FALSE;3;0;0;0
2011-09-26;"GB1";"nee";1;"EXC";7;85;0;100;TRUE;0;15;0;0
2011-09-26;"GB1";"nee";2;"EXC";0;85;3;97;FALSE;0,5;0;0;0
2011-09-26;"GB1";"nee";2;"EXC";89;85;3;97;TRUE;0;35;0;0
2011-09-26;"GB1";"nee";3;"EXC";0;45;0,5;99,5;TRUE;3;0;0;0
2011-09-26;"GB1";"nee";3;"EXC";47;45;0,5;99,5;TRUE;0;85;0;0
2011-06-27;"GB1";"nee";2;"EXC";31;95;0,5;99,5;TRUE;0;45;0;0
2011-06-27;"GB1";"nee";3;"EXC";0;95;0,5;99,5;TRUE;3;0;0;0
2011-06-27;"GB1";"nee";3;"EXC";18;95;0,5;99,5;TRUE;0;45;0;0
2011-06-27;"GB1";"nee";5;"EXC";42;95;0,5;99,5;TRUE;0;55;0;0
2011-06-27;"GB1";"nee";6;"BGR";0;85;0,5;99,5;TRUE;0;25;0;0
2011-06-27;"GB1";"nee";7;"BGR";0;25;55;45;TRUE;0;35;0;0
2011-06-27;"GB1";"nee";8;"BGR";0;95;3;97;FALSE;0,5;0;0;0
2011-06-27;"GB1";"nee";8;"BGR";4;95;3;97;TRUE;0;3;0;0
2011-06-27;"GB1";"nee";9;"BGR";1;15;15;85;TRUE;25;45;0;0
2011-06-27;"GB2";"nee";1;"EXC";0;95;0;100;FALSE;0;15;0;0
2011-06-27;"GB2";"nee";1;"EXC";18;95;0;100;FALSE;0;0;0;55
2011-06-27;"GB2";"nee";2;"EXC";5;75;7;93;FALSE;0,5;0;0;0
2011-06-27;"GB2";"nee";2;"EXC";2;75;7;93;TRUE;0;0;0;95
2011-06-27;"GB2";"nee";3;"EXC";0;25;45;55;TRUE;0;0;0;35
2011-06-27;"GB2";"nee";3;"EXC";5;25;45;55;TRUE;0;7;0;0
2011-06-27;"GB2";"nee";4;"EXC";2;25;7;93;TRUE;0;0;0;95
2011-06-27;"GB2";"nee";4;"EXC";0;25;7;93;FALSE;0;3;0;0
2011-06-27;"GB2";"nee";5;"EXC";60;0,5;3;97;TRUE;0;0;0;95
2011-06-27;"GB2";"nee";5;"EXC";6;0,5;3;97;TRUE;0;7;0;0
2011-06-27;"GB2";"nee";6;"BGR";9;35;3;97;TRUE;0;0;0;75
2011-06-27;"GB2";"nee";6;"BGR";3;35;3;97;TRUE;0;7;0;0
2011-06-27;"GB2";"nee";6;"BGR";0;35;3;97;FALSE;3;0;0;0
2011-06-27;"GB2";"nee";7;"BGR";0;0,5;75;25;TRUE;0;7;0;25
2011-06-27;"GB2";"nee";8;"BGR";1;15;85;15;TRUE;0;0;0;3
2011-06-27;"GB2";"nee";8;"BGR";0;15;85;15;TRUE;0;7;0;0
2011-06-27;"GB2";"nee";9;"BGR";0;0,5;75;25;TRUE;0;0;0;35
2011-06-27;"GB2";"nee";9;"BGR";5;0,5;75;25;TRUE;0;3;0;0
2011-06-27;"WD1";"ja";1;"EXC";0;0;95;5;TRUE;0;0;0;3
2011-06-27;"WD1";"ja";2;"EXC";0;0;99;1;FALSE;0;0;0;0,5
2011-06-27;"WD1";"ja";4;"EXC";0;0;65;35;TRUE;0;0;0;25
2011-06-27;"WD1";"ja";5;"EXC";1;0;95;5;TRUE;0;0;0;3
2011-06-27;"WD1";"ja";6;"BGR";0;0;95;5;TRUE;0;0;0;3
2011-06-27;"WD1";"ja";7;"BGR";0;0;85;15;TRUE;0;0;0;15
2011-06-27;"WD1";"ja";8;"BGR";1;0;95;5;TRUE;0;0;0;3
2011-06-27;"WD1";"ja";9;"BGR";0;0;85;15;TRUE;0;0;0;15
2011-06-27;"WD2";"ja";2;"EXC";5;0;75;25;TRUE;0;0;0;25
2011-06-28;"WD2";"ja";4;"EXC";0;0;95;5;FALSE;0;0;0;3
2011-06-28;"WD2";"ja";6;"BGR";0;0;99;1;FALSE;0,5;0;0;0
2011-06-28;"WD2";"ja";7;"BGR";0;0;95;5;TRUE;0;0;0;3
2011-06-28;"WD2";"ja";8;"BGR";1;0;95;5;TRUE;0;0;0;7
2011-06-28;"WD2";"ja";9;"BGR";2;0;85;15;TRUE;0;0;0;15
2011-06-28;"LV1";"ja";1;"EXC";0;0;95;5;TRUE;0;0;0;7
2011-06-28;"LV1";"ja";2;"EXC";0;0;85;15;TRUE;0;0;0;25
2011-06-28;"LV1";"ja";3;"EXC";0;0;95;5;TRUE;0;0;0;3
2011-06-28;"LV1";"ja";6;"BGR";0;0;85;15;TRUE;0;0;0;25
2011-06-28;"LV1";"ja";7;"BGR";4;0;85;15;FALSE;0;0;0;15
2011-06-28;"LV1";"ja";8;"BGR";0;0;95;5;TRUE;0;0;0;15
2011-06-28;"LV2";"nee";1;"EXC";1;0;75;25;TRUE;0;0;0;35
2011-06-28;"LV2";"nee";2;"EXC";0;0;85;15;TRUE;0;0;0;15
2011-06-28;"LV2";"nee";3;"EXC";0;0;65;35;TRUE;0;0;0;35
2011-06-28;"LV2";"nee";4;"EXC";0;0;65;35;TRUE;0;0;0;45
2011-06-28;"LV2";"nee";5;"EXC";0;0;95;5;TRUE;0;0;0;7
2011-06-28;"LV2";"nee";6;"BGR";1;0;85;15;TRUE;0;0;0;15
2011-06-28;"LV2";"nee";7;"BGR";8;0;85;15;TRUE;0;0;0;15
2011-06-28;"LV2";"nee";8;"BGR";0;0;65;35;TRUE;0;0;0;45
2011-06-28;"LV2";"nee";9;"BGR";0;0;95;5;FALSE;0;0;0;0,5
2011-06-27;"GB1";"nee";1;"EXC";1;55;25;75;TRUE;0;25;0;0
2011-06-27;"GB1";"nee";1;"EXC";0;55;25;75;TRUE;7;0;0;0
2011-06-27;"GB1";"nee";4;"EXC";0;85;0;100;TRUE;0;25;0;0
2011-07-26;"GB1";"nee";4;"EXC";0;85;0;100;FALSE;0,5;0;0;0
2011-08-08;"GB1";"nee";1;"EXC";0;55;7;93;TRUE;15;0;0;0
2011-08-08;"GB1";"nee";1;"EXC";29;55;7;93;TRUE;0;25;0;0
2011-08-08;"GB1";"nee";2;"EXC";58;65;7;93;TRUE;0;25;0;0
2011-08-08;"GB1";"nee";2;"EXC";0;65;7;93;TRUE;7;0;0;0
2011-08-08;"GB1";"nee";3;"EXC";0;15;7;93;TRUE;7;0;0;0
2011-08-08;"GB1";"nee";3;"EXC";51;15;7;93;TRUE;0;55;0;0
2011-08-08;"GB1";"nee";4;"EXC";12;15;0;100;TRUE;0;85;0;0
2011-08-08;"GB1";"nee";5;"EXC";62;85;0,5;99,5;TRUE;0;25;0;0
2011-08-08;"GB1";"nee";6;"BGR";15;75;3;97;TRUE;0;25;0;0
2011-08-08;"GB1";"nee";7;"BGR";0;75;3;97;TRUE;0;15;0;0
2011-08-08;"GB1";"nee";8;"BGR";5;25;3;97;TRUE;0;45;0;0
2011-08-08;"GB1";"nee";8;"BGR";0;25;3;97;TRUE;7;0;0;0
2011-08-08;"GB1";"nee";9;"BGR";0;75;7;93;TRUE;0;25;0;0
2011-08-08;"GB1";"nee";9;"BGR";0;75;7;93;FALSE;0,5;0;0;0
2011-08-08;"GB2";"nee";1;"EXC";1;65;3;97;TRUE;0;15;0;0
2011-08-08;"GB2";"nee";1;"EXC";71;65;3;97;TRUE;0;0;0;35
2011-08-08;"GB2";"nee";2;"EXC";2;25;3;97;TRUE;0;7;0;0
2011-08-08;"GB2";"nee";2;"EXC";15;25;3;97;TRUE;0;0;0;25
2011-08-08;"GB2";"nee";3;"EXC";65;7;55;45;TRUE;0;0;0;45
2011-08-08;"GB2";"nee";3;"EXC";0;7;55;45;FALSE;0;0,5;0;0
2011-08-08;"GB2";"nee";4;"EXC";56;45;3;97;TRUE;0;0;0;25
2011-08-08;"GB2";"nee";4;"EXC";6;45;3;97;TRUE;0;15;0;0
2011-08-08;"GB2";"nee";5;"EXC";42;25;15;85;TRUE;0;0;0;85
2011-08-08;"GB2";"nee";5;"EXC";0;25;15;85;TRUE;0;3;0;0
2011-08-08;"GB2";"nee";6;"BGR";0;35;3;97;TRUE;0;7;0;0
2011-08-08;"GB2";"nee";6;"BGR";43;35;3;97;TRUE;0;0;0;55
2011-08-08;"GB2";"nee";7;"BGR";0;15;3;97;TRUE;7;0;0;0
2011-08-08;"GB2";"nee";7;"BGR";27;15;3;97;TRUE;0;0;0;25
2011-08-08;"GB2";"nee";7;"BGR";1;15;3;97;TRUE;0;15;0;0
2011-08-08;"GB2";"nee";8;"BGR";8;35;15;85;TRUE;0;0;0;25
2011-08-08;"GB2";"nee";8;"BGR";1;35;15;85;TRUE;0;7;0;0
2011-08-08;"GB2";"nee";9;"BGR";0;45;7;93;FALSE;0;3;0;25
2011-08-08;"WD1";"ja";1;"EXC";0;3;95;5;FALSE;0;0;0,5;0
2011-08-08;"WD1";"ja";2;"EXC";0;3;95;5;FALSE;3;0;0;0
2011-08-08;"WD1";"ja";3;"EXC";0;0;95;5;FALSE;0;0;0;3
2011-08-08;"WD1";"ja";4;"EXC";0;7;75;25;FALSE;0;0;0,5;0
2011-08-08;"WD1";"ja";4;"EXC";29;7;75;25;TRUE;0;0;0;15
2011-08-08;"WD1";"ja";5;"EXC";77;0;75;25;TRUE;0;0;0;25
2011-08-08;"WD1";"ja";6;"BGR";5;0;85;15;TRUE;0;0;0;15
2011-08-08;"WD1";"ja";7;"BGR";36;0,5;95;5;TRUE;0;0;0;7
2011-08-08;"WD1";"ja";7;"BGR";0;0,5;95;5;FALSE;0;0;0,5;0
2011-08-08;"WD1";"ja";8;"BGR";0;3;95;5;FALSE;0;0;0,5;0
2011-08-08;"WD1";"ja";8;"BGR";33;3;95;5;TRUE;0;0;0;7
2011-08-08;"WD1";"ja";9;"BGR";3;0;95;5;FALSE;0;0;0;3
2011-08-08;"WD2";"ja";1;"EXC";0;0;99;1;FALSE;0,5;0;0;0
2011-08-08;"WD2";"ja";2;"EXC";9;0,5;95;5;TRUE;0;0;0;7
2011-08-08;"WD2";"ja";3;"EXC";19;0;95;5;FALSE;0;0;0;7
2011-08-08;"WD2";"ja";4;"EXC";0;0;99;1;FALSE;0,5;0;0;0,5
2011-08-08;"WD2";"ja";5;"EXC";9;0;95;5;TRUE;0;0;0;3
2011-08-08;"WD2";"ja";6;"BGR";0;0;99;1;FALSE;0;0;0,5;0,5
2011-08-08;"WD2";"ja";7;"BGR";12;0;85;15;TRUE;0;0;0;15
2011-08-08;"WD2";"ja";8;"BGR";0;0,5;95;5;FALSE;0,5;0;0;0
2011-08-09;"LV1";"ja";1;"EXC";0;0;85;15;FALSE;0;0;0,5;0
2011-08-09;"LV1";"ja";1;"EXC";31;0;85;15;TRUE;0;0;0;15
2011-08-09;"LV1";"ja";2;"EXC";63;0;85;15;TRUE;0;0;0;15
2011-08-09;"LV1";"ja";2;"EXC";0;0;85;15;FALSE;0;0;0,5;0
2011-08-09;"LV1";"ja";3;"EXC";57;0;85;15;TRUE;0;0;0;15
2011-08-09;"LV1";"ja";4;"EXC";3;0;99;1;FALSE;0;0;0;0,5
2011-08-09;"LV1";"ja";6;"BGR";15;0;95;5;TRUE;0;0;0;7
2011-09-26;"GB1";"nee";4;"EXC";73;85;3;97;TRUE;0;55;0;0
2011-09-26;"GB1";"nee";5;"EXC";4;45;3;97;TRUE;0;55;0;0
2011-09-26;"GB1";"nee";5;"EXC";0;45;3;97;FALSE;25;0;0;0
2011-09-26;"GB1";"nee";6;"BGR";1;75;3;97;TRUE;0;55;0;0
2011-09-26;"GB1";"nee";7;"BGR";4;25;3;97;TRUE;0;45;0;0
2011-09-26;"GB1";"nee";7;"BGR";0;25;3;97;TRUE;7;0;0;0
2011-09-26;"GB1";"nee";8;"BGR";0;95;3;97;FALSE;3;0;0;0
2011-09-26;"GB1";"nee";8;"BGR";6;95;3;97;FALSE;0;25;0;0
2011-09-26;"GB1";"nee";9;"BGR";0;85;3;97;TRUE;3;0;0;0
2011-09-26;"GB1";"nee";9;"BGR";11;85;3;97;TRUE;0;55;0;0
2011-09-26;"GB2";"nee";1;"EXC";0;95;0;100;TRUE;0;15;0;0
2011-09-26;"GB2";"nee";1;"EXC";7;95;0;100;TRUE;0;0;0;55
2011-09-26;"GB2";"nee";2;"EXC";0;7;7;93;TRUE;0;3;0;0
2011-09-26;"GB2";"nee";2;"EXC";46;7;7;93;TRUE;0;0;0;75
2011-09-26;"GB2";"nee";3;"EXC";0;85;3;97;TRUE;0;3;0;0
2011-09-26;"GB2";"nee";3;"EXC";39;85;3;97;TRUE;0;0;0;7
2011-09-26;"GB2";"nee";4;"EXC";11;45;25;75;TRUE;0;0;0;7
2011-09-26;"GB2";"nee";4;"EXC";0;45;25;75;TRUE;0;3;0;0
2011-09-26;"GB2";"nee";5;"EXC";30;25;7;93;TRUE;0;0;0;55
2011-09-26;"GB2";"nee";5;"EXC";0;25;7;93;TRUE;0;15;0;0
2011-09-26;"GB2";"nee";6;"BGR";1;45;3;97;TRUE;0;7;0;0
2011-09-26;"GB2";"nee";6;"BGR";0;45;3;97;TRUE;3;0;0;0
2011-09-26;"GB2";"nee";6;"BGR";3;45;3;97;TRUE;0;0;0;65
2011-09-26;"GB2";"nee";7;"BGR";17;15;25;75;TRUE;0;0;0;35
2011-09-26;"GB2";"nee";7;"BGR";0;15;25;75;TRUE;0;7;0;0
2011-09-26;"GB2";"nee";8;"BGR";0;0;55;45;TRUE;0;25;0;0
2011-09-26;"GB2";"nee";8;"BGR";0;0;55;45;FALSE;3;0;0;0
2011-09-26;"GB2";"nee";8;"BGR";6;0;55;45;TRUE;0;0;0;15
2011-09-26;"GB2";"nee";9;"BGR";0;25;35;65;TRUE;0;15;7;0
2011-09-26;"GB2";"nee";9;"BGR";2;25;35;65;TRUE;0;0;0;3
2011-09-26;"WD1";"ja";1;"EXC";0;3;95;5;FALSE;0,5;0;0,5;0
2011-09-26;"WD1";"ja";3;"EXC";0;3;95;5;FALSE;3;0;3;0
2011-09-26;"WD1";"ja";4;"EXC";0;15;25;75;FALSE;0;0;3;0
2011-09-26;"WD1";"ja";4;"EXC";214;15;25;75;TRUE;0;0;0;55
2011-09-26;"WD1";"ja";5;"EXC";14;7;95;5;TRUE;0;0;0;3
2011-09-26;"WD1";"ja";5;"EXC";0;7;95;5;FALSE;0,5;0;0,5;0
2011-09-26;"WD1";"ja";5;"EXC";0;7;85;15;FALSE;0;0;3;0
2011-09-26;"WD1";"ja";5;"EXC";10;7;85;15;TRUE;0;0;0;3
2011-09-26;"WD1";"ja";6;"BGR";0;3;55;45;FALSE;3;0;0;0
2011-09-26;"WD1";"ja";6;"BGR";39;3;55;45;TRUE;0;0;0;45
2011-09-26;"WD1";"ja";7;"BGR";0;0;45;55;FALSE;3;0;3;0
2011-09-26;"WD1";"ja";7;"BGR";58;0;45;55;FALSE;0;0;0;45
2011-09-26;"WD1";"ja";8;"BGR";0;0;95;5;FALSE;0,5;0;0,5;0
2011-09-26;"WD1";"ja";8;"BGR";7;0;95;5;TRUE;0;0;0;3
2011-09-27;"WD2";"ja";1;"EXC";0;0;99;1;FALSE;0,5;0;0;0
2011-09-27;"WD2";"ja";2;"EXC";19;7;85;15;TRUE;0;0;0;7
2011-09-27;"WD2";"ja";2;"EXC";0;7;85;15;FALSE;0,5;0;0,5;0
2011-09-27;"WD2";"ja";3;"EXC";69;0;65;35;TRUE;0;0;0;25
2011-09-27;"WD2";"ja";5;"EXC";13;3;95;5;TRUE;0;0;0;3
2011-09-27;"WD2";"ja";5;"EXC";0;3;95;5;FALSE;0;0;0,5;0
2011-09-27;"WD2";"ja";6;"BGR";0;3;95;5;FALSE;0,5;0;0,5;0,5
2011-09-27;"WD2";"ja";8;"BGR";0;0;95;5;FALSE;0;0;0;3
2011-09-27;"LV1";"ja";1;"EXC";0;0;85;15;FALSE;0,5;0;0;0
2011-09-27;"LV1";"ja";1;"EXC";22;0;85;15;TRUE;0;0;0;15
2011-09-27;"LV1";"ja";2;"EXC";56;7;75;25;TRUE;0;0;0;15
2011-09-27;"LV1";"ja";2;"EXC";0;7;75;25;FALSE;0;0;0,5;0
2011-09-27;"LV1";"ja";3;"EXC";27;0;95;5;TRUE;0;0;0;7
2011-09-27;"LV1";"ja";3;"EXC";0;0;95;5;FALSE;0,5;0;0;0
2011-09-27;"LV1";"ja";4;"EXC";0;0;95;5;FALSE;0;0;0,5;0
2011-09-27;"LV1";"ja";5;"EXC";0;0;99;1;FALSE;0,5;0;0;0
2011-09-27;"LV1";"ja";6;"BGR";108;7;75;25;TRUE;0;0;0;25
2011-09-27;"LV1";"ja";7;"BGR";52;0,5;95;5;TRUE;0;0;0;7
2011-09-27;"LV1";"ja";8;"BGR";0;3;75;25;TRUE;0;25;0;0
2011-09-27;"LV1";"ja";9;"BGR";216;15;75;25;TRUE;0;0;0;25
2011-09-27;"LV1";"ja";9;"BGR";0;15;75;25;FALSE;0;0;0,5;0
2011-09-27;"LV2";"nee";1;"EXC";26;15;65;35;TRUE;0;0;0;25
2011-09-27;"LV2";"nee";1;"EXC";0;15;65;35;FALSE;0;0;0,5;0
2011-09-27;"LV2";"nee";2;"EXC";0;3;85;15;FALSE;0;0;0,5;0
2011-09-27;"LV2";"nee";2;"EXC";9;3;85;15;TRUE;0;0;0;15
2011-09-27;"LV2";"nee";3;"EXC";98;15;65;35;TRUE;0;0;0;25
2011-09-27;"LV2";"nee";4;"EXC";0;3;45;55;FALSE;0;0;0,5;0
2011-09-27;"LV2";"nee";4;"EXC";136;3;45;55;TRUE;0;0;0;55
2011-09-27;"LV2";"nee";5;"EXC";10;3;75;25;TRUE;0;0;0;25
2011-09-27;"LV2";"nee";5;"EXC";0;3;75;25;FALSE;0;0;3;0
2011-09-27;"LV2";"nee";6;"BGR";0;3;75;25;FALSE;0;0;0,5;0
2011-09-27;"LV2";"nee";6;"BGR";94;3;75;25;TRUE;0;0;0;25
2011-09-27;"LV2";"nee";7;"BGR";10;3;75;25;FALSE;0;0;0;25
2011-09-27;"LV2";"nee";7;"BGR";0;3;75;25;FALSE;0,5;0;0;0
2011-09-27;"LV2";"nee";8;"BGR";43;0,5;0;100;TRUE;0;0;0;35
2011-09-27;"LV2";"nee";8;"BGR";0;0,5;0;100;FALSE;0,5;0;0,5;0
2011-09-27;"LV2";"nee";9;"BGR";189;7;55;45;TRUE;0;0;0;45
2011-09-27;"LV2";"nee";9;"BGR";0;7;55;45;FALSE;0,5;0;3;0
2012-06-07;"GB1";"nee";1;"EXC";85;99;0;100;TRUE;0;15;0;0
2012-06-07;"GB1";"nee";1;"EXC";0;99;0;100;TRUE;3;0;0;0
2012-06-07;"GB1";"nee";2;"EXC";130;95;0;100;TRUE;0;7;0;0
2012-06-07;"GB1";"nee";2;"EXC";0;95;0;100;TRUE;7;0;0;0
2012-06-07;"GB1";"nee";3;"EXC";0;85;0;100;TRUE;7;0;0;0
2012-06-07;"GB1";"nee";3;"EXC";130;85;0;100;TRUE;0;15;0;0
2012-06-07;"GB1";"nee";4;"EXC";132;95;0;100;TRUE;0;25;0;0
2012-06-07;"GB1";"nee";5;"EXC";119;95;0;100;TRUE;0;15;0;0
2012-06-07;"GB1";"nee";5;"EXC";0;95;0;100;FALSE;0,5;0;0;0
2012-06-07;"GB1";"nee";6;"BGR";26;95;0;100;TRUE;0;15;0;0
2012-06-07;"GB1";"nee";6;"BGR";0;95;0;100;TRUE;7;0;0;0
2012-06-07;"GB1";"nee";7;"BGR";11;95;0;100;TRUE;0;15;0;0
2012-07-03;"WD1";"ja";3;"EXC";0;65;0;100;FALSE;0;15;3;0
2012-07-03;"WD1";"ja";4;"EXC";0;65;0;100;FALSE;0;15;7;0
2012-07-03;"WD1";"ja";4;"EXC";104;65;0;100;FALSE;0;0;0;55
2012-07-03;"WD1";"ja";5;"EXC";2;65;25;75;FALSE;0;0;0;3
2012-07-03;"WD1";"ja";5;"EXC";0;65;25;75;FALSE;0;7;3;0
2012-07-03;"WD1";"ja";6;"BGR";0;3;15;85;FALSE;0,5;0;3;0
2012-07-03;"WD1";"ja";6;"BGR";8;3;15;85;FALSE;0;0;0;25
2012-07-03;"WD1";"ja";7;"BGR";0;75;15;85;FALSE;7;0;0;3
2012-07-03;"WD1";"ja";8;"BGR";19;35;65;35;FALSE;0;0;0;15
2012-07-03;"WD1";"ja";8;"BGR";0;35;65;35;FALSE;0;3;3;0
2012-07-03;"WD1";"ja";9;"BGR";26;75;15;85;FALSE;0;0;0;15
2012-07-03;"WD1";"ja";9;"BGR";0;75;15;85;FALSE;3;0;3;0
2012-07-03;"WD2";"ja";1;"EXC";0;15;85;15;FALSE;0,5;0;3;3
2012-07-03;"WD2";"ja";2;"EXC";0;25;65;35;FALSE;7;0;7;3
2012-07-03;"WD2";"ja";3;"EXC";0;25;65;35;FALSE;0,5;0;15;3
2012-07-03;"WD2";"ja";5;"EXC";0;25;65;35;FALSE;25;0;7;7
2012-07-03;"WD2";"ja";6;"BGR";0;75;25;75;FALSE;0;0;7;0
2012-07-03;"WD2";"ja";7;"BGR";0;15;85;15;FALSE;0;0;3;7
2012-07-03;"WD2";"ja";8;"BGR";0;75;15;85;FALSE;0;0;15;0
2012-07-03;"WD2";"ja";9;"BGR";0;45;45;55;FALSE;0;0;3;3
2012-07-30;"GB1";"nee";1;"EXC";0;95;0;100;FALSE;3;0;0;0
2012-07-30;"GB1";"nee";1;"EXC";0;95;0;100;TRUE;0;7;0;0
2012-07-30;"GB1";"nee";2;"EXC";0;95;3;97;FALSE;0,5;0;0;0
2012-07-30;"GB1";"nee";2;"EXC";124;95;3;97;TRUE;0;15;0;0
2012-07-30;"GB1";"nee";3;"EXC";129;95;3;97;TRUE;0;45;0;0
2012-07-30;"GB1";"nee";3;"EXC";3;95;3;97;FALSE;0,5;0;0;0
2012-07-30;"GB1";"nee";4;"EXC";86;95;3;97;TRUE;0;25;0;0
2012-07-30;"GB1";"nee";5;"EXC";143;95;0;100;TRUE;0;55;0;0
2012-07-30;"GB1";"nee";5;"EXC";0;95;0;100;FALSE;0,5;0;0;0
2012-07-30;"GB1";"nee";6;"BGR";52;35;25;75;FALSE;0;25;0;0
2012-06-07;"GB1";"nee";8;"BGR";75;95;0;100;TRUE;0;15;0;0
2012-06-07;"GB1";"nee";8;"BGR";0;95;0;100;FALSE;0,5;0;0;0
2012-06-07;"GB1";"nee";9;"BGR";36;85;0;100;TRUE;0;15;0;0
2012-06-07;"GB1";"nee";9;"BGR";0;85;0;100;FALSE;0,5;0;0;0
2012-06-07;"GB2";"nee";1;"EXC";28;95;0,5;100;TRUE;0;3;0;0
2012-06-07;"GB2";"nee";1;"EXC";0;95;0,5;100;TRUE;0;0;0;25
2012-06-07;"GB2";"nee";2;"EXC";23;95;0,5;100;TRUE;0;3;0;0
2012-06-07;"GB2";"nee";2;"EXC";0;95;0,5;100;TRUE;0;0;0;45
2012-06-07;"GB2";"nee";3;"EXC";0;75;0,5;100;TRUE;0;0;0;35
2012-06-07;"GB2";"nee";3;"EXC";45;75;0,5;100;TRUE;0;7;0;0
2012-06-07;"GB2";"nee";4;"EXC";0;45;7;93;TRUE;0;0;0;45
2012-06-07;"GB2";"nee";4;"EXC";0;45;7;93;FALSE;0;3;0;0
2012-06-07;"GB2";"nee";5;"EXC";44;65;0,5;100;TRUE;0;7;0;0
2012-06-07;"GB2";"nee";5;"EXC";0;65;0,5;100;TRUE;0;0;0;65
2012-06-07;"GB2";"nee";6;"BGR";2;45;0,5;100;FALSE;0;0,5;0;0
2012-06-07;"GB2";"nee";6;"BGR";0;45;0,5;100;TRUE;0;0;0;65
2012-06-07;"GB2";"nee";7;"BGR";0;0;75;25;TRUE;25;0;0;0
2012-06-07;"GB2";"nee";7;"BGR";0;0;75;25;FALSE;0;3;0;0
2012-06-07;"GB2";"nee";8;"BGR";2;45;0,5;100;TRUE;0;7;0;0
2012-06-07;"GB2";"nee";8;"BGR";0;45;0,5;100;TRUE;3;0;0;85
2012-06-07;"GB2";"nee";9;"BGR";0;25;25;75;TRUE;35;0;0;25
2012-06-07;"LV1";"ja";1;"EXC";0;65;0,5;100;TRUE;0;0;3;35
2012-06-07;"LV1";"ja";2;"EXC";0;7;85;15;TRUE;3;0;3;3
2012-06-07;"LV1";"ja";3;"EXC";12;0,5;95;5;TRUE;0;0;0;7
2012-06-07;"LV1";"ja";4;"EXC";0;95;NA;NA;TRUE;3;0;0;15
2012-06-07;"LV1";"ja";4;"EXC";0;95;NA;NA;FALSE;0;0;3;0
2012-06-07;"LV1";"ja";5;"EXC";0;95;NA;NA;TRUE;3;0;0;0
2012-06-07;"LV1";"ja";5;"EXC";24;95;NA;NA;TRUE;0;0;0;25
2012-06-07;"LV1";"ja";5;"EXC";0;95;NA;NA;FALSE;0;0;0,5;0
2012-06-07;"LV1";"ja";7;"BGR";0;3;95;5;FALSE;0,5;0;0,5;0,5
2012-06-07;"LV1";"ja";8;"BGR";0;55;25;75;TRUE;0;0;0;25
2012-06-07;"LV1";"ja";8;"BGR";0;55;25;75;FALSE;0;0;0,5;0
2012-06-07;"LV1";"ja";9;"BGR";1;25;65;35;TRUE;0;0;0;15
2012-06-07;"LV1";"ja";9;"BGR";0;25;65;35;FALSE;0;0;0,5;0
2012-06-07;"LV2";"nee";1;"EXC";0;55;0,5;100;TRUE;0;0;0;65
2012-06-07;"LV2";"nee";1;"EXC";0;55;0,5;100;FALSE;0;0;3;0
2012-06-07;"LV2";"nee";2;"EXC";0;35;3;97;TRUE;0;0;0;75
2012-06-07;"LV2";"nee";2;"EXC";0;35;3;97;FALSE;0;0;3;0
2012-06-07;"LV2";"nee";3;"EXC";0;25;0,5;100;TRUE;0;0;3;65
2012-06-07;"LV2";"nee";4;"EXC";0;45;3;97;TRUE;0;0;3;65
2012-06-07;"LV2";"nee";5;"EXC";0;55;3;97;FALSE;0;0;0,5;0
2012-06-07;"LV2";"nee";5;"EXC";0;55;3;97;TRUE;0;0;0;15
2012-06-07;"LV2";"nee";6;"BGR";0;35;35;65;FALSE;0;0;0,5;0
2012-06-07;"LV2";"nee";6;"BGR";0;35;35;65;TRUE;0;0;0;25
2012-06-07;"LV2";"nee";7;"BGR";0;25;15;85;FALSE;0;0;3;0
2012-06-07;"LV2";"nee";7;"BGR";0;25;15;85;TRUE;0;0;0;55
2012-06-07;"LV2";"nee";8;"BGR";0;35;45;55;TRUE;0;0;0;15
2012-06-07;"LV2";"nee";9;"BGR";0;35;0,5;100;TRUE;0;0;3;65
2012-06-07;"LV2";"nee";9;"BGR";0;35;0,5;100;FALSE;0,5;0;0;0
2012-06-07;"WD1";"ja";1;"EXC";0;85;7;93;TRUE;0;0;3;0
2012-06-07;"WD1";"ja";1;"EXC";10;85;7;93;TRUE;0;0;0;7
2012-06-07;"WD1";"ja";1;"EXC";0;85;7;93;FALSE;3;0;0;0
2012-06-07;"WD1";"ja";2;"EXC";0;3;95;5;FALSE;3;0;0;0,5
2012-06-07;"WD1";"ja";3;"EXC";0;65;35;65;TRUE;0;0;3;0
2012-06-07;"WD1";"ja";3;"EXC";0;65;35;65;FALSE;0,5;0;0;3
2013-10-01;"GB1";"nee";4;"EXC";47;95;0;100;FALSE;0;85;0;0
2013-06-17;"GB1";"nee";4;"EXC";24;99;0;100;FALSE;0;25;0;0
2013-08-28;"GB1";"nee";4;"EXC";0;99;0;100;FALSE;3;0;0;0
2013-07-30;"GB1";"nee";5;NA;74;99;0,5;99,5;FALSE;0;25;0;0
2013-10-01;"GB1";"nee";5;"EXC";8;99;0;100;FALSE;0;45;0;0
2013-06-17;"GB1";"nee";5;"EXC";7;99;0;100;FALSE;3;0;0;0
2013-08-28;"GB1";"nee";5;"EXC";0;99;0;100;FALSE;0,5;0;0;0
2013-08-28;"GB1";"nee";5;"EXC";8;99;0;100;FALSE;0;25;0;0
2013-06-17;"GB1";"nee";5;"EXC";4;99;0;100;FALSE;0;25;0;0
2013-07-30;"GB1";"nee";6;"BGR";20;99;0;100;FALSE;0;3;0;0
2013-06-17;"GB1";"nee";6;"BGR";41;95;0;100;FALSE;0;25;0;0
2013-06-17;"GB1";"nee";6;"BGR";0;95;0;100;FALSE;3;0;0;0
2013-10-01;"GB1";"nee";6;"BGR";23;99;0;100;FALSE;0;3;0;0
2013-08-28;"GB1";"nee";6;"BGR";25;99;0;100;FALSE;0;25;0;0
2013-08-28;"GB1";"nee";6;"BGR";0;99;0;100;FALSE;0,5;0;0;0
2013-07-30;"GB1";"nee";7;"BGR";29;95;0;100;FALSE;0;15;0;0
2013-06-17;"GB1";"nee";7;"BGR";16;65;0;100;FALSE;0;55;0;0
2013-10-01;"GB1";"nee";7;"BGR";0;99;0;100;FALSE;3;0;0;0
2013-10-01;"GB1";"nee";7;"BGR";9;99;0;100;FALSE;0;75;0;0
2013-08-28;"GB1";"nee";7;"BGR";16;99;0;100;FALSE;0;25;0;0
2013-07-30;"GB1";"nee";8;"BGR";49;95;0;100;FALSE;0;15;0;0
2013-10-01;"GB1";"nee";8;"BGR";33;99;0;100;FALSE;0;25;0;0
2013-08-28;"GB1";"nee";8;"BGR";0;99;0;100;FALSE;0,5;0;0;0
2013-06-17;"GB1";"nee";8;"BGR";19;55;0;100;FALSE;0;55;0;0
2013-06-17;"GB1";"nee";8;"BGR";0;55;0;100;FALSE;3;0;0;0
2013-08-28;"GB1";"nee";8;"BGR";31;99;0;100;FALSE;0;25;0;0
2013-10-01;"GB1";"nee";8;"BGR";0;99;0;100;FALSE;3;0;0;0
2013-08-28;"GB1";"nee";9;"BGR";0;99;0;100;FALSE;3;0;0;0
2013-07-30;"GB1";"nee";9;"BGR";0;85;0;100;FALSE;0,5;0;0;0
2013-07-30;"GB1";"nee";9;"BGR";25;85;0;100;FALSE;0;15;0;0
2013-06-17;"GB1";"nee";9;"BGR";2;95;0;100;FALSE;3;0;0;0
2013-10-01;"GB1";"nee";9;"BGR";28;99;0;100;FALSE;0;15;0;0
2013-06-17;"GB1";"nee";9;"BGR";4;95;0;100;FALSE;0;7;0;0
2013-08-28;"GB1";"nee";9;"BGR";1;99;0;100;FALSE;0;7;0;0
2013-08-28;"GB2";"nee";1;"EXC";0;99;0,5;99,5;FALSE;0;0,5;0;0,5
2013-10-01;"GB2";"nee";1;"EXC";0;99;0;100;FALSE;0;0,5;0;0,5
2013-07-30;"GB2";"nee";1;"EXC";0;99;0;100;FALSE;0;3;0;3
2013-06-17;"GB2";"nee";1;"EXC";1;99;0;100;FALSE;0;0;0;7
2013-06-17;"GB2";"nee";1;"EXC";0;99;0;100;FALSE;0;3;0;0
2013-06-17;"GB2";"nee";2;"EXC";0;15;0;100;FALSE;0;3;0;95
2013-07-30;"GB2";"nee";2;"EXC";0;35;7;93;FALSE;0;0,5;0;0
2013-10-01;"GB2";"nee";2;"EXC";9;85;0,5;99,5;FALSE;0;0;0;99
2013-08-28;"GB2";"nee";2;"EXC";8;85;0;100;FALSE;0;0;0;85
2013-07-30;"GB2";"nee";2;"EXC";48;35;7;93;FALSE;0;0;0;85
2013-10-01;"GB2";"nee";2;"EXC";0;85;0,5;99,5;FALSE;0;0,5;0;0
2013-06-17;"GB2";"nee";3;"EXC";16;95;0;100;FALSE;0;7;0;0
2013-08-28;"GB2";"nee";3;"EXC";13;85;0;100;FALSE;0;0;0;75
2013-07-30;"GB2";"nee";3;"EXC";6;7;65;35;FALSE;0;0;0;95
2013-08-28;"GB2";"nee";3;"EXC";0;85;0;100;FALSE;0;3;0;0
2013-07-30;"GB2";"nee";3;"EXC";0;7;65;35;FALSE;0;3;0;0
2013-06-17;"GB2";"nee";3;"EXC";0;95;0;100;FALSE;0;0;0;7
2013-07-30;"GB2";"nee";4;"EXC";3;85;0;100;FALSE;0;0;0;95
2013-10-01;"GB2";"nee";4;"EXC";0;75;0,5;99,5;FALSE;0;3;0;0
2013-07-30;"GB2";"nee";4;"EXC";0;85;0;100;FALSE;0;3;0;0
2013-08-28;"GB2";"nee";4;"EXC";27;95;0;100;FALSE;0;0;0;65
2013-10-01;"GB2";"nee";4;"EXC";14;75;0,5;99,5;FALSE;0;0;0;95
2013-06-17;"GB2";"nee";4;"EXC";1;95;0;100;FALSE;0;3;0;35
2013-08-28;"GB2";"nee";4;"EXC";1;95;0;100;FALSE;0;3;0;0
2013-07-30;"GB2";"nee";5;"EXC";0;25;0;100;FALSE;0;0,5;0;95
2013-08-28;"GB2";"nee";5;"EXC";0;95;0;100;FALSE;0;3;0;0
2013-08-28;"GB2";"nee";5;"EXC";24;95;0;100;FALSE;0;0;0;85
2013-06-17;"GB2";"nee";5;"EXC";2;95;0;100;FALSE;0;0;0;35
2013-06-17;"GB2";"nee";5;"EXC";0;95;0;100;FALSE;0;3;0;0
2013-10-01;"GB2";"nee";5;"EXC";0;75;0;100;FALSE;0;0,5;0;0
2013-10-01;"GB2";"nee";5;"EXC";3;75;0;100;FALSE;0;0;0;95
2013-08-28;"GB2";"nee";6;"BGR";0;99;0;100;FALSE;0;3;0;7
2013-10-01;"GB2";"nee";6;"BGR";0;99;0;100;FALSE;0;0;0;3
2013-07-30;"GB2";"nee";6;"BGR";7;95;0;100;FALSE;0;3;0;0
2013-06-17;"GB2";"nee";6;"BGR";5;85;0,5;99,5;FALSE;0;55;0;0
2013-10-01;"GB2";"nee";6;"BGR";1;99;0;100;FALSE;0;3;0;0
2013-07-30;"GB2";"nee";6;"BGR";0;95;0;100;FALSE;0;0;0;15
2013-08-28;"GB2";"nee";7;"BGR";179;25;0;100;FALSE;0;0;0;95
2013-06-17;"GB2";"nee";7;"BGR";0;35;0;100;FALSE;3;0;0;75
2013-07-30;"GB2";"nee";7;"BGR";0;15;45;55;FALSE;3;0,5;0;35
2013-06-17;"GB2";"nee";7;"BGR";4;35;0;100;FALSE;0;7;0;0
2013-10-01;"GB2";"nee";7;"BGR";2;95;0;100;FALSE;0;0;0;15
2013-10-01;"GB2";"nee";7;"BGR";0;95;0;100;FALSE;3;3;0;0
2013-08-28;"GB2";"nee";7;"BGR";0;25;0;100;FALSE;0;0,5;0;0
2013-06-17;"GB2";"nee";8;"BGR";0;75;0;100;FALSE;7;0;0;25
2013-08-28;"GB2";"nee";8;"BGR";0;85;7;93;FALSE;15;3;0;7
2013-07-30;"GB2";"nee";8;"BGR";0;15;45;55;FALSE;3;0;0;35
2013-07-30;"GB2";"nee";8;"BGR";12;15;45;55;FALSE;0;3;0;0
2013-10-01;"GB2";"nee";8;"BGR";3;95;0;100;FALSE;0;0;0;3
2013-06-17;"GB2";"nee";8;"BGR";11;75;0;100;FALSE;0;3;0;0
2013-10-01;"GB2";"nee";8;"BGR";12;95;0;100;FALSE;0;35;0;0
2013-08-28;"GB2";"nee";9;"BGR";0;75;15;85;FALSE;7;0,5;0;0
2013-10-01;"GB2";"nee";9;"BGR";0;75;0;100;FALSE;3;0,5;0;0
2013-08-28;"GB2";"nee";9;"BGR";5;75;15;85;FALSE;0;0;0;15
2013-07-30;"GB2";"nee";9;"BGR";0;55;0;100;FALSE;0;3;0;0
2013-10-01;"GB2";"nee";9;"BGR";5;75;0;100;FALSE;0;0;0;25
2013-06-17;"GB2";"nee";9;"BGR";5;25;25;75;FALSE;0;3;0;0
2013-06-17;"GB2";"nee";9;"BGR";0;25;25;75;FALSE;0;0;0;45
2013-07-30;"GB2";"nee";9;"BGR";16;55;0;100;FALSE;0;0;0;45
2013-06-17;"GB2";"nee";9;"BGR";3;25;25;75;FALSE;3;0;0;0
2013-08-28;"LV1";"ja";1;"EXC";1;99;0;100;FALSE;0;0;0;3
2013-10-01;"LV1";"ja";1;"EXC";0;95;0;100;FALSE;0;0;0;0,5
2013-07-30;"LV1";"ja";1;"EXC";0;95;0;100;FALSE;0;0;3;7
2013-06-17;"LV1";"ja";1;"EXC";0;95;0;100;FALSE;0;0;7;7
2013-08-28;"LV1";"ja";1;"EXC";0;99;0;100;FALSE;0;0;0,5;0
2013-06-17;"LV1";"ja";2;"EXC";0;85;7;93;FALSE;3;0;3;15
2013-08-28;"LV1";"ja";2;"EXC";0;95;3;97;FALSE;0;0;0,5;0
2013-10-01;"LV1";"ja";2;"EXC";0;95;3;97;FALSE;3;0;0;0
2013-10-01;"LV1";"ja";2;"EXC";18;95;3;97;FALSE;0;0;7;0
2013-07-30;"LV1";"ja";2;"EXC";0;95;0;100;FALSE;0;0;0;0,5
2013-10-01;"LV1";"ja";2;"EXC";24;95;3;97;FALSE;0;0;0;15
2013-07-30;"LV1";"ja";3;"EXC";71;75;0;100;FALSE;0;0;0;25
2013-10-01;"LV1";"ja";3;"EXC";41;95;3;97;FALSE;0;0;0;15
2013-06-17;"LV1";"ja";3;"EXC";0;55;3;97;FALSE;15;0;3;55
2013-08-28;"LV1";"ja";3;"EXC";0;45;55;45;FALSE;0;0;0,5;0
2013-07-30;"LV1";"ja";3;"EXC";0;75;0;100;FALSE;0,5;0;0;0
2013-08-28;"LV1";"ja";4;"EXC";9;85;0;100;FALSE;0;0;0;75
2013-10-01;"LV1";"ja";4;"EXC";13;15;45;55;FALSE;0;0;0;99
2013-06-17;"LV1";"ja";4;"EXC";0;65;0;100;FALSE;0;0;0,5;75
2013-07-30;"LV1";"ja";4;"EXC";1;45;3;97;FALSE;0;0;0;95
2012-06-07;"WD1";"ja";4;"EXC";0;35;NA;NA;TRUE;0;0;3;7
2012-06-07;"WD1";"ja";5;"EXC";0;3;95;5;FALSE;0,5;0;0,5;0
2012-06-07;"WD1";"ja";5;"EXC";0;3;95;5;TRUE;0;0;0;7
2012-06-07;"WD1";"ja";6;"BGR";0;65;35;65;TRUE;0;0;7;0
2012-06-07;"WD1";"ja";6;"BGR";0;65;35;65;FALSE;3;0;0;0,5
2012-06-07;"WD1";"ja";7;"BGR";4;55;NA;NA;TRUE;0;0;0;35
2012-06-07;"WD1";"ja";7;"BGR";0;55;NA;NA;FALSE;0,5;0;0;0
2012-06-07;"WD1";"ja";8;"BGR";0;7;65;35;FALSE;0,5;0;3;0
2012-06-07;"WD1";"ja";8;"BGR";1;7;65;35;TRUE;0;0;0;35
2012-06-07;"WD1";"ja";9;"BGR";0;65;3;97;FALSE;0,5;0;3;0
2012-06-07;"WD1";"ja";9;"BGR";11;65;3;97;TRUE;0;0;0;35
2012-06-07;"WD2";"ja";1;"EXC";0;3;95;5;FALSE;0,5;0;0;0,5
2012-06-07;"WD2";"ja";2;"EXC";49;7;65;35;TRUE;0;0;0;25
2012-06-07;"WD2";"ja";2;"EXC";0;7;65;35;TRUE;3;0;7;0
2012-06-07;"WD2";"ja";3;"EXC";0;3;95;5;FALSE;0,5;0;0,5;3
2012-06-07;"WD2";"ja";4;"EXC";0;3;NA;NA;TRUE;3;0;0;0
2012-06-07;"WD2";"ja";5;"EXC";0;3;NA;NA;FALSE;0,5;0;0;0,5
2012-06-07;"WD2";"ja";6;"BGR";0;15;85;15;FALSE;3;0;3;0
2012-06-07;"WD2";"ja";7;"BGR";0;7;95;5;FALSE;0;0;0,5;0
2012-06-07;"WD2";"ja";8;"BGR";0;65;35;65;FALSE;0;0;3;3
2012-06-07;"WD2";"ja";9;"BGR";0;75;25;75;FALSE;0;0;3;3
2012-07-03;"GB1";"nee";1;"EXC";0;95;0;100;FALSE;0,5;15;0;0
2012-07-03;"GB1";"nee";2;"EXC";198;95;0;100;FALSE;0;45;0;0
2012-07-03;"GB1";"nee";2;"EXC";0;95;0;100;FALSE;7;0;0;0
2012-07-03;"GB1";"nee";3;"EXC";205;95;0;100;FALSE;0;45;0;0
2012-07-03;"GB1";"nee";3;"EXC";0;95;0;100;FALSE;7;0;0;0
2012-07-03;"GB1";"nee";4;"EXC";0;85;0;100;FALSE;35;0;0;0
2012-07-03;"GB1";"nee";4;"EXC";103;85;0;100;FALSE;0;25;0;0
2012-07-03;"GB1";"nee";5;"EXC";217;95;0;100;FALSE;0;75;0;0
2012-07-03;"GB1";"nee";5;"EXC";0;95;0;100;FALSE;35;0;0;0
2012-07-03;"GB1";"nee";6;"BGR";99;75;0,5;100;FALSE;0;35;0;0
2012-07-03;"GB1";"nee";6;"BGR";0;75;0,5;100;FALSE;7;0;0;0
2012-07-03;"GB1";"nee";7;"BGR";176;55;0;100;FALSE;0;55;0;0
2012-07-03;"GB1";"nee";7;"BGR";0;55;0;100;FALSE;7;0;0;0
2012-07-03;"GB1";"nee";8;"BGR";0;85;3;97;FALSE;7;0;0;0
2012-07-03;"GB1";"nee";8;"BGR";67;85;3;97;FALSE;0;35;0;0
2012-07-03;"GB1";"nee";9;"BGR";72;95;0;100;FALSE;0;45;0;0
2012-07-03;"GB1";"nee";9;"BGR";0;95;0;100;FALSE;7;0;0;0
2012-07-03;"GB2";"nee";1;"EXC";3;95;0,5;100;FALSE;0;0;0;25
2012-07-03;"GB2";"nee";1;"EXC";27;95;0,5;100;FALSE;0;15;0;0
2012-07-03;"GB2";"nee";2;"EXC";15;85;0,5;100;FALSE;0;15;0;0
2012-07-03;"GB2";"nee";2;"EXC";1;85;0,5;100;FALSE;0;0;0;55
2012-07-03;"GB2";"nee";3;"EXC";31;85;0,5;100;FALSE;0;25;0;0
2012-07-03;"GB2";"nee";3;"EXC";12;85;0,5;100;FALSE;0;0;0;65
2012-07-03;"GB2";"nee";4;"EXC";8;65;0;100;FALSE;0;25;0;0
2012-07-03;"GB2";"nee";4;"EXC";10;65;0;100;FALSE;0;0;0;65
2012-07-03;"GB2";"nee";5;"EXC";9;55;0;100;FALSE;0;7;0;0
2012-07-03;"GB2";"nee";5;"EXC";15;55;0;100;FALSE;0;0;0;45
2012-07-03;"GB2";"nee";6;"BGR";78;45;0,5;100;FALSE;0;15;0;0
2012-07-03;"GB2";"nee";6;"BGR";6;45;0,5;100;FALSE;0;0;0;75
2012-07-03;"GB2";"nee";7;"BGR";0;85;0,5;100;FALSE;0;3;0;7
2012-07-03;"GB2";"nee";8;"BGR";0;15;0,5;100;FALSE;0;15;0;0
2012-07-03;"GB2";"nee";8;"BGR";3;15;0,5;100;FALSE;0;0;0;75
2012-07-03;"GB2";"nee";9;"BGR";1;15;0,5;100;FALSE;0;0;0;25
2012-07-03;"GB2";"nee";9;"BGR";159;15;0,5;100;FALSE;0;55;0;0
2012-07-03;"LV1";"ja";1;"EXC";0;85;15;85;FALSE;0;0;3;0
2012-07-03;"LV1";"ja";1;"EXC";17;85;15;85;FALSE;0;0;0;25
2012-07-03;"LV1";"ja";3;"EXC";0;0;95;5;FALSE;0;7;0;0
2012-07-03;"LV1";"ja";4;"EXC";0;75;3;97;FALSE;0;3;7;0
2012-07-03;"LV1";"ja";4;"EXC";105;75;3;97;FALSE;0;0;0;75
2012-07-03;"LV1";"ja";5;"EXC";0;85;3;97;FALSE;0;0;3;25
2012-07-03;"LV1";"ja";6;"BGR";0;0;99;1;FALSE;0;0;0,5;0
2012-07-03;"LV1";"ja";7;"BGR";0;45;0,5;100;FALSE;0;3;3;0
2012-07-03;"LV1";"ja";7;"BGR";25;45;0,5;100;FALSE;0;0;0;75
2012-07-03;"LV1";"ja";8;"BGR";0;85;0;100;FALSE;0;3;7;0
2012-07-03;"LV1";"ja";8;"BGR";3;85;0;100;FALSE;0;0;0;25
2012-07-03;"LV1";"ja";9;"BGR";0;15;45;55;FALSE;0;0;3;25
2012-07-03;"LV2";"nee";1;"EXC";0;95;0,5;100;FALSE;0;25;3;0
2012-07-03;"LV2";"nee";1;"EXC";7;95;0,5;100;FALSE;0;0;0;45
2012-07-03;"LV2";"nee";2;"EXC";0;95;0,5;100;FALSE;0;0;3;0
2012-07-03;"LV2";"nee";2;"EXC";24;95;0,5;100;FALSE;0;0;0;25
2012-07-03;"LV2";"nee";3;"EXC";0;65;0;100;FALSE;0;3;3;55
2012-07-03;"LV2";"nee";4;"EXC";0;55;15;85;FALSE;0;0;3;7
2012-07-03;"LV2";"nee";5;"EXC";24;55;0;100;FALSE;0;0;0;85
2012-07-03;"LV2";"nee";5;"EXC";0;55;0;100;FALSE;0;7;7;0
2012-07-03;"LV2";"nee";6;"BGR";0;75;0;100;FALSE;0;3;3;0
2012-07-03;"LV2";"nee";6;"BGR";19;75;0;100;FALSE;0;0;0;25
2012-07-03;"LV2";"nee";7;"BGR";0;85;0;100;FALSE;0;3;0;0
2012-07-03;"LV2";"nee";7;"BGR";30;85;0;100;FALSE;0;0;0;35
2012-07-03;"LV2";"nee";8;"BGR";29;65;0;100;FALSE;0;0;0;45
2012-07-03;"LV2";"nee";8;"BGR";0;65;0;100;FALSE;0;0;3;0
2012-07-03;"LV2";"nee";9;"BGR";0;75;0;100;FALSE;0;0;3;0
2012-07-03;"LV2";"nee";9;"BGR";36;75;0;100;FALSE;0;0;0;45
2012-07-03;"WD1";"ja";1;"EXC";0;95;3;97;FALSE;3;7;15;0
2012-07-03;"WD1";"ja";1;"EXC";9;95;3;97;FALSE;0;0;0;3
2012-07-03;"WD1";"ja";2;"EXC";0;45;45;55;FALSE;0;0;3;3
2012-07-03;"WD1";"ja";3;"EXC";105;65;0;100;FALSE;0;0;0;65
2012-07-30;"GB1";"nee";6;"BGR";3;35;25;75;FALSE;7;0;0;0
2012-07-30;"GB1";"nee";7;"BGR";62;95;0,5;100;FALSE;0;25;0;0
2012-07-30;"GB1";"nee";7;"BGR";4;95;0,5;100;FALSE;7;0;0;0
2012-07-30;"GB1";"nee";8;"BGR";1;85;0;100;FALSE;3;0;0;0
2012-07-30;"GB1";"nee";8;"BGR";38;85;0;100;FALSE;0;45;0;0
2012-07-30;"GB1";"nee";9;"BGR";0;85;7;93;FALSE;3;0;0;0
2012-07-30;"GB1";"nee";9;"BGR";43;85;7;93;TRUE;0;25;0;0
2012-07-30;"GB2";"nee";1;"EXC";13;95;0,5;100;TRUE;0;0;0;7
2012-07-30;"GB2";"nee";1;"EXC";2;95;0,5;100;FALSE;0;3;0;0
2012-07-30;"GB2";"nee";2;"EXC";25;25;0,5;100;TRUE;0;0;0;75
2012-07-30;"GB2";"nee";3;"EXC";37;15;0;100;TRUE;0;0;0;85
2012-07-30;"GB2";"nee";3;"EXC";0;15;0;100;FALSE;0;0,5;0;0
2012-07-30;"GB2";"nee";4;"EXC";115;65;0;100;TRUE;0;0;0;35
2012-07-30;"GB2";"nee";4;"EXC";0;65;0;100;FALSE;0;3;0;0
2012-07-30;"GB2";"nee";5;"EXC";0;3;3;97;FALSE;0;3;0;0
2012-07-30;"GB2";"nee";5;"EXC";42;3;3;97;TRUE;0;0;0;95
2012-07-30;"GB2";"nee";6;"BGR";0;85;NA;NA;FALSE;3;0;0;0
2012-07-30;"GB2";"nee";6;"BGR";7;85;NA;NA;TRUE;0;0;0;15
2012-07-30;"GB2";"nee";6;"BGR";1;85;NA;NA;TRUE;0;7;0;0
2012-07-30;"GB2";"nee";7;"BGR";3;35;55;45;FALSE;0;3;0;0
2012-07-30;"GB2";"nee";7;"BGR";5;35;55;45;TRUE;0;0;0;25
2012-07-30;"GB2";"nee";8;"BGR";1;25;7;93;TRUE;0;0;0;45
2012-07-30;"GB2";"nee";8;"BGR";0;25;7;93;FALSE;15;0;0;0
2012-07-30;"GB2";"nee";8;"BGR";0;25;7;93;TRUE;0;3;0;0
2012-07-30;"GB2";"nee";9;"BGR";2;7;7;93;TRUE;0;0;0;65
2012-07-30;"GB2";"nee";9;"BGR";0;7;7;93;TRUE;7;0;0;0
2012-07-30;"GB2";"nee";9;"BGR";1;7;7;93;TRUE;0;7;0;0
2012-07-30;"LV1";"ja";1;"EXC";0;95;3;97;FALSE;0;0;3;0
2012-07-30;"LV1";"ja";1;"EXC";9;95;3;97;TRUE;0;0;0;15
2012-07-30;"LV1";"ja";2;"EXC";0;3;95;5;FALSE;0;0;0;0,5
2012-07-30;"LV1";"ja";2;"EXC";1;3;95;5;TRUE;0;3;0;0
2012-07-30;"LV1";"ja";4;"EXC";0;25;3;97;FALSE;0;0;3;0
2012-07-30;"LV1";"ja";4;"EXC";25;25;3;97;TRUE;0;0;0;85
2012-07-30;"LV1";"ja";5;"EXC";0;95;0,5;100;FALSE;15;0;0;0
2012-07-30;"LV1";"ja";5;"EXC";21;95;0,5;100;TRUE;0;0;0;15
2012-07-30;"LV1";"ja";6;"BGR";0;35;3;97;FALSE;0;0;3;0
2012-07-30;"LV1";"ja";6;"BGR";12;35;3;97;TRUE;0;0;0;35
2012-07-30;"LV1";"ja";6;"BGR";19;35;3;97;FALSE;0;15;0;0
2012-07-30;"LV1";"ja";7;"BGR";0;3;95;5;FALSE;0;0;0,5;0
2012-07-30;"LV1";"ja";8;"BGR";0;65;0;100;FALSE;0;3;3;0
2012-07-30;"LV1";"ja";8;"BGR";23;65;0;100;TRUE;0;0;0;35
2012-07-30;"LV1";"ja";9;"BGR";0;3;95;5;FALSE;0;0;3;3
2012-07-30;"LV2";"nee";1;"EXC";6;65;0;100;TRUE;0;0;0;45
2012-07-30;"LV2";"nee";1;"EXC";0;65;0;100;FALSE;0;0;0,5;0
2012-07-30;"LV2";"nee";2;"EXC";2;95;0;100;FALSE;0;0;3;0
2012-07-30;"LV2";"nee";2;"EXC";3;95;0;100;FALSE;0;0;0;3
2012-07-30;"LV2";"nee";3;"EXC";41;15;0;100;TRUE;0;0;0;95
2012-07-30;"LV2";"nee";4;"EXC";34;55;0;100;TRUE;0;0;0;45
2012-07-30;"LV2";"nee";4;"EXC";5;55;0;100;TRUE;0;0;3;0
2012-07-30;"LV2";"nee";5;"EXC";16;45;3;97;TRUE;0;0;0;35
2012-07-30;"LV2";"nee";5;"EXC";17;45;3;97;TRUE;0;0;25;0
2012-07-30;"LV2";"nee";6;"BGR";0;95;0;100;FALSE;0;0;3;0
2012-07-30;"LV2";"nee";6;"BGR";1;95;0;100;FALSE;0;0;0;7
2012-07-30;"LV2";"nee";7;"BGR";0;45;25;75;FALSE;0;0;0,5;0
2012-07-30;"LV2";"nee";7;"BGR";18;45;25;75;TRUE;0;0;0;25
2012-07-30;"LV2";"nee";8;"BGR";25;35;0;100;TRUE;0;0;0;75
2012-07-30;"LV2";"nee";8;"BGR";0;35;0;100;FALSE;0;0;3;0
2012-07-30;"LV2";"nee";9;"BGR";71;85;NA;NA;TRUE;0;0;0;25
2012-07-30;"LV2";"nee";9;"BGR";0;85;NA;NA;FALSE;0;0;3;0
2012-07-30;"WD1";"ja";1;"EXC";0;95;0,5;100;FALSE;3;0;3;3
2012-07-30;"WD1";"ja";2;"EXC";6;7;85;15;FALSE;0;0;0;7
2012-07-30;"WD1";"ja";2;"EXC";0;7;85;15;FALSE;7;0;0;0
2012-07-30;"WD1";"ja";3;"EXC";37;35;3;97;FALSE;0;0;0;55
2012-07-30;"WD1";"ja";3;"EXC";3;35;3;97;FALSE;0;0;7;0
2012-07-30;"WD1";"ja";4;"EXC";2;95;0;100;FALSE;0;0;7;0
2012-07-30;"WD1";"ja";4;"EXC";32;95;0;100;FALSE;0;0;0;15
2012-07-30;"WD1";"ja";5;"EXC";7;95;0;100;TRUE;0;0;0;7
2012-07-30;"WD1";"ja";5;"EXC";11;95;0;100;TRUE;0;0;15;0
2012-07-30;"WD1";"ja";5;"EXC";0;95;0;100;FALSE;3;0;0;0
2012-07-30;"WD1";"ja";6;"BGR";0;45;35;65;FALSE;0;0;0,5;0
2012-07-30;"WD1";"ja";6;"BGR";28;45;35;65;TRUE;0;0;0;35
2012-07-30;"WD1";"ja";7;"BGR";54;35;15;85;FALSE;0;0;0;45
2012-07-30;"WD1";"ja";7;"BGR";0;35;15;85;FALSE;0,5;0;0,5;0
2012-07-30;"WD1";"ja";8;"BGR";0;15;7;93;FALSE;0;0;0,5;0
2012-07-30;"WD1";"ja";8;"BGR";33;15;7;93;FALSE;0;0;0;85
2012-07-30;"WD1";"ja";9;"BGR";0;95;3;97;FALSE;0;0;0,5;7
2012-07-30;"WD2";"ja";1;"EXC";0;3;95;5;FALSE;0,5;0;3;3
2012-07-30;"WD2";"ja";2;"EXC";0;95;0;100;FALSE;0,5;0;15;3
2012-07-30;"WD2";"ja";4;"EXC";0;3;95;5;FALSE;0;0;0;3
2012-07-30;"WD2";"ja";5;"EXC";0;75;25;75;FALSE;3;0;0;7
2012-07-30;"WD2";"ja";6;"BGR";0;25;45;55;FALSE;3;3;25;0
2012-07-30;"WD2";"ja";7;"BGR";0;0;99;1;FALSE;0;0;0,5;0
2012-07-30;"WD2";"ja";8;"BGR";0;25;75;25;FALSE;3;0;3;3
2012-07-30;"WD2";"ja";9;"BGR";28;25;35;65;TRUE;0;0;0;55
2012-07-30;"WD2";"ja";9;"BGR";0;25;35;65;FALSE;0;0;3;0
2012-09-04;"GB1";"nee";1;"EXC";1;95;3;97;TRUE;0;0;0;3
2012-09-04;"GB1";"nee";1;"EXC";0;95;3;97;FALSE;0;3;0;0
2012-09-04;"GB1";"nee";2;"EXC";10;85;0,5;100;TRUE;0;0;0;75
2012-09-04;"GB1";"nee";3;"EXC";32;75;0;100;TRUE;0;0;0;85
2012-09-04;"GB1";"nee";3;"EXC";0;75;0;100;FALSE;0;0,5;0;0
2012-09-04;"GB1";"nee";4;"EXC";0;35;0;100;FALSE;0;3;0;0
2012-09-04;"GB1";"nee";4;"EXC";21;35;0;100;TRUE;0;0;0;95
2012-09-04;"GB1";"nee";5;"EXC";0;45;0;100;FALSE;0;0,5;0;0
2012-09-04;"GB1";"nee";5;"EXC";49;45;0;100;TRUE;0;0;0;85
2012-09-04;"GB1";"nee";6;"BGR";41;85;0,5;100;FALSE;0;15;0;0
2012-09-04;"GB1";"nee";6;"BGR";0;85;0,5;100;FALSE;0;0;0;15
2012-09-04;"GB1";"nee";7;"BGR";0;65;0,5;100;FALSE;0;0,5;0;0
2012-09-04;"GB1";"nee";7;"BGR";15;65;0,5;100;FALSE;0;0;0;25
2012-09-04;"GB1";"nee";8;"BGR";4;35;0;100;FALSE;0;0;0;55
2012-09-04;"GB1";"nee";8;"BGR";0;35;0;100;FALSE;7;0;0;0
2012-09-04;"GB1";"nee";9;"BGR";0;45;0;100;FALSE;3;3;0;0
2012-09-04;"GB1";"nee";9;"BGR";52;45;0;100;FALSE;0;0;0;55
2012-09-04;"GB2";"nee";1;"EXC";0;95;0;100;FALSE;0;3;0;0
2012-09-04;"GB2";"nee";2;"EXC";63;95;0;100;FALSE;0;15;0;0
2012-09-04;"GB2";"nee";2;"EXC";0;95;0;100;FALSE;0,5;0;0;0
2012-09-04;"GB2";"nee";3;"EXC";0;95;0;100;FALSE;3;0;0;0
2012-09-04;"GB2";"nee";3;"EXC";76;95;0;100;FALSE;0;35;0;0
2012-09-04;"GB2";"nee";4;"EXC";75;85;0;100;FALSE;0;35;0;0
2012-09-04;"GB2";"nee";5;"EXC";0;95;0;100;FALSE;0,5;0;0;0
2012-09-04;"GB2";"nee";5;"EXC";86;95;0;100;FALSE;0;55;0;0
2012-09-04;"GB2";"nee";6;"BGR";8;35;25;75;FALSE;0;35;0;0
2012-09-04;"GB2";"nee";6;"BGR";0;35;25;75;FALSE;0,5;0;0;0
2012-09-04;"GB2";"nee";7;"BGR";58;25;0,5;100;FALSE;0;75;0;0
2012-09-04;"GB2";"nee";7;"BGR";0;25;0,5;100;FALSE;0,5;0;0;0
2012-09-04;"GB2";"nee";8;"BGR";0;75;0,5;100;FALSE;0,5;0;0;0
2012-09-04;"GB2";"nee";8;"BGR";12;75;0,5;100;FALSE;0;75;0;0
2012-09-04;"GB2";"nee";9;"BGR";13;55;3;97;FALSE;0;35;0;0
2012-09-04;"GB2";"nee";9;"BGR";0;55;3;97;FALSE;0,5;0;0;0
2012-09-04;"LV1";"ja";1;"EXC";2;85;0,5;100;FALSE;0;0;0;25
2012-09-04;"LV1";"ja";1;"EXC";0;85;0,5;100;FALSE;0;0;0,5;0
2012-09-04;"LV1";"ja";2;"EXC";115;55;3;97;FALSE;0;0;0;45
2012-09-04;"LV1";"ja";2;"EXC";2;55;3;97;FALSE;0;0;7;0
2012-09-04;"LV1";"ja";3;"EXC";0;3;0,5;100;FALSE;0;0;0,5;0
2012-09-04;"LV1";"ja";3;"EXC";19;3;0,5;100;FALSE;0;0;0;95
2012-09-04;"LV1";"ja";4;"EXC";25;25;3;97;FALSE;0;0;0;75
2012-09-04;"LV1";"ja";4;"EXC";0;25;3;97;FALSE;0;0;0,5;0
2012-09-04;"LV1";"ja";5;"EXC";21;3;3;97;FALSE;0;0;0;85
2012-09-04;"LV1";"ja";5;"EXC";3;3;3;97;FALSE;0;0;3;0
2012-09-04;"LV1";"ja";6;"BGR";42;65;3;97;FALSE;0;0;0;55
2012-09-04;"LV1";"ja";6;"BGR";0;65;3;97;FALSE;0;0;0,5;0
2012-09-04;"LV1";"ja";7;"BGR";3;85;3;97;FALSE;0;0;0;7
2012-09-04;"LV1";"ja";7;"BGR";0;85;3;97;FALSE;0;0;3;0
2012-09-04;"LV1";"ja";8;"BGR";1;65;3;97;FALSE;0;0;3;0
2012-09-04;"LV1";"ja";8;"BGR";42;65;3;97;FALSE;0;0;0;25
2012-09-04;"LV1";"ja";9;"BGR";18;75;7;93;FALSE;0;0;0;15
2012-09-04;"LV1";"ja";9;"BGR";0;75;7;93;FALSE;0;0;7;0
2012-09-04;"LV2";"nee";1;"EXC";0;85;3;97;FALSE;0;0;7;0
2012-09-04;"LV2";"nee";1;"EXC";2;85;3;97;FALSE;0;0;0;15
2012-09-04;"LV2";"nee";3;"EXC";0;0,5;95;5;FALSE;0;0;0;3
2012-09-04;"LV2";"nee";4;"EXC";25;25;7;93;FALSE;0;0;0;65
2012-09-04;"LV2";"nee";4;"EXC";0;25;7;93;FALSE;0;0;0,5;0
2012-09-04;"LV2";"nee";5;"EXC";32;65;3;97;FALSE;0;0;0;45
2012-09-04;"LV2";"nee";5;"EXC";4;65;3;97;FALSE;0;0;7;0
2012-09-04;"LV2";"nee";6;"BGR";0;0;95;5;FALSE;0;0;3;0
2012-09-04;"LV2";"nee";7;"BGR";0;0,5;95;5;FALSE;0;0;0,5;0,5
2012-09-04;"LV2";"nee";8;"BGR";11;85;15;85;FALSE;0;0;0;7
2012-09-04;"LV2";"nee";8;"BGR";0;85;15;85;FALSE;0;0;3;0
2012-09-04;"LV2";"nee";9;"BGR";0;0;95;5;FALSE;0;0;0;3
2012-09-04;"WD1";"ja";1;"EXC";1;95;0,5;100;FALSE;0;0;7;0
2012-09-04;"WD1";"ja";1;"EXC";0;95;0,5;100;FALSE;3;0;0;0
2012-09-04;"WD1";"ja";2;"EXC";0;0,5;95;5;FALSE;0,5;0;0;0
2012-09-04;"WD1";"ja";2;"EXC";1;0,5;95;5;FALSE;0;0;3;0
2012-09-04;"WD1";"ja";2;"EXC";3;0,5;95;5;FALSE;0;0;0;3
2012-09-04;"WD1";"ja";3;"EXC";68;45;0;100;FALSE;0;0;0;65
2012-09-04;"WD1";"ja";3;"EXC";1;45;0;100;FALSE;0;0;3;0
2012-09-04;"WD1";"ja";4;"EXC";63;15;0,5;100;FALSE;0;0;0;95
2012-09-04;"WD1";"ja";4;"EXC";0;15;0,5;100;FALSE;0;0;3;0
2012-09-04;"WD1";"ja";5;"EXC";0;95;3;97;FALSE;0;0;0;35
2012-09-04;"WD1";"ja";5;"EXC";1;95;3;97;FALSE;0;0;7;0
2012-09-04;"WD1";"ja";6;"BGR";0;65;35;65;FALSE;3;0;0,5;0
2012-09-04;"WD1";"ja";7;"BGR";0;55;45;55;FALSE;0,5;0;3;0
2012-09-04;"WD1";"ja";7;"BGR";13;55;45;55;FALSE;0;0;0;7
2012-09-04;"WD1";"ja";8;"BGR";27;35;25;75;FALSE;0;0;0;35
2012-09-04;"WD1";"ja";8;"BGR";0;35;25;75;FALSE;0,5;0;3;0
2012-09-04;"WD1";"ja";9;"BGR";0;35;55;45;FALSE;0,5;0;3;0
2012-09-04;"WD1";"ja";9;"BGR";7;35;55;45;FALSE;0;0;0;3
2012-09-04;"WD2";"ja";1;"EXC";0;3;95;5;FALSE;0;0;3;3
2012-09-04;"WD2";"ja";2;"EXC";69;15;65;35;FALSE;0;0;0;15
2012-09-04;"WD2";"ja";2;"EXC";0;15;65;35;FALSE;0;0;3;0
2012-09-04;"WD2";"ja";3;"EXC";0;65;3;97;FALSE;3;0;0;0
2012-09-04;"WD2";"ja";3;"EXC";5;65;3;97;FALSE;0;0;0;3
2012-09-04;"WD2";"ja";3;"EXC";31;65;3;97;FALSE;0;0;35;0
2012-09-04;"WD2";"ja";4;"EXC";0;3;75;25;FALSE;0,5;0;0;0
2012-09-04;"WD2";"ja";4;"EXC";28;3;75;25;FALSE;0;0;25;0
2012-09-04;"WD2";"ja";4;"EXC";37;3;75;25;FALSE;0;0;0;15
2012-09-04;"WD2";"ja";5;"EXC";17;3;95;5;FALSE;0;0;0;15
2012-09-04;"WD2";"ja";6;"BGR";0;25;75;25;FALSE;0;0;3;0
2012-09-04;"WD2";"ja";7;"BGR";5;7;95;5;FALSE;0;0;0;3
2012-09-04;"WD2";"ja";8;"BGR";0;15;85;15;FALSE;0,5;0;15;0,5
2012-09-04;"WD2";"ja";9;"BGR";21;15;15;85;FALSE;0;0;0;35
2012-09-04;"WD2";"ja";9;"BGR";4;15;15;85;FALSE;0;0;7;0
2013-08-28;"WD2";"ja";5;"EXC";0;65;3;97;FALSE;3;0;0;7
2013-10-01;"GB2";"nee";3;"EXC";21;45;0;100;FALSE;0;0;0;95
2013-10-01;"GB2";"nee";3;"EXC";0;45;0;100;FALSE;0;0,5;0;0
2013-10-01;"GB1";"nee";1;"EXC";0;99;0;100;FALSE;0;3;0;3
2013-08-28;"GB1";"nee";1;"EXC";0;99;0;100;FALSE;0;0,5;0;3
2013-06-17;"GB1";"nee";1;"EXC";16;99;0;100;FALSE;0;15;0;0
2013-07-30;"GB1";"nee";1;"EXC";1;99;0;100;FALSE;0;3;0;0
2013-06-17;"GB1";"nee";1;"EXC";0;99;0;100;FALSE;0,5;0;0;0
2013-06-17;"GB1";"nee";2;"EXC";62;99;0;100;FALSE;0;15;0;0
2013-10-01;"GB1";"nee";2;"EXC";73;99;0;100;FALSE;0;75;0;0
2013-08-28;"GB1";"nee";2;"EXC";0;99;0;100;FALSE;0;0;0;0,5
2013-10-01;"GB1";"nee";2;"EXC";0;99;0;100;FALSE;0,5;0;0;0
2013-07-30;"GB1";"nee";2;"EXC";84;99;0;100;FALSE;0;15;0;0
2013-08-28;"GB1";"nee";2;"EXC";36;99;0;100;FALSE;0;7;0;0
2013-08-28;"GB1";"nee";3;"EXC";2;99;0;100;FALSE;0;0;0;0,5
2013-06-17;"GB1";"nee";3;"EXC";7;99;0;100;FALSE;0;7;0;0
2013-07-30;"GB1";"nee";3;"EXC";0;99;0;100;FALSE;0,5;0;0;0
2013-06-17;"GB1";"nee";3;"EXC";0;99;0;100;FALSE;0,5;0;0;0
2013-10-01;"GB1";"nee";3;"EXC";14;95;0;100;FALSE;0;75;0;0
2013-07-30;"GB1";"nee";3;"EXC";32;99;0;100;FALSE;0;25;0;0
2013-08-28;"GB1";"nee";3;"EXC";0;99;0;100;FALSE;3;0;0;0
2013-08-28;"GB1";"nee";3;"EXC";146;99;0;100;FALSE;0;25;0;0
2013-07-30;"GB1";"nee";4;"EXC";7;65;0;100;FALSE;0;85;0;0
2013-08-28;"GB1";"nee";4;"EXC";43;99;0;100;FALSE;0;75;0;0
2013-08-28;"LV1";"ja";4;"EXC";1;85;0;100;FALSE;0;0;0,5;0
2013-08-28;"LV1";"ja";5;"EXC";12;45;0;100;FALSE;0;0;0;95
2013-07-30;"LV1";"ja";5;"EXC";0;55;3;97;FALSE;0;0;3;0
2013-06-17;"LV1";"ja";5;"EXC";0;85;0;100;FALSE;0;0;3;75
2013-07-30;"LV1";"ja";5;"EXC";3;55;3;97;FALSE;0;0;0;95
2013-10-01;"LV1";"ja";5;"EXC";2;95;0,5;99,5;FALSE;0;0;0;99
2013-07-30;"LV1";"ja";6;"BGR";0;25;7;93;FALSE;0;0;7;0
2013-07-30;"LV1";"ja";6;"BGR";3;25;7;93;FALSE;0;0;0;55
2013-10-01;"LV1";"ja";6;"BGR";0;65;35;65;FALSE;0;0;0,5;0
2013-06-17;"LV1";"ja";6;"BGR";0;45;35;65;FALSE;0;0;15;15
2013-08-28;"LV1";"ja";6;"BGR";0;15;85;15;FALSE;0;0;3;0
2013-06-17;"LV1";"ja";7;"BGR";0;45;3;97;FALSE;0;7;3;45
2013-07-30;"LV1";"ja";7;"BGR";0;75;15;85;FALSE;0;0;0;7
2013-10-01;"LV1";"ja";7;"BGR";5;75;3;97;FALSE;0;0;0;15
2013-08-28;"LV1";"ja";7;"BGR";0;85;7;93;FALSE;0;0;3;3
2013-07-30;"LV1";"ja";7;"BGR";2;75;15;85;FALSE;0;0;3;0
2013-10-01;"LV1";"ja";7;"BGR";0;75;3;97;FALSE;0,5;0;0;0
2013-06-17;"LV1";"ja";8;"BGR";0;55;35;65;FALSE;7;0;7;15
2013-07-30;"LV1";"ja";8;"BGR";0;75;0;100;FALSE;3;0;7;0
2013-08-28;"LV1";"ja";8;"BGR";0;45;3;97;FALSE;0;0;3;0
2013-10-01;"LV1";"ja";8;"BGR";0;65;3;97;FALSE;0;0;25;7
2013-08-28;"LV1";"ja";8;"BGR";9;45;3;97;FALSE;0;0;0;65
2013-07-30;"LV1";"ja";8;"BGR";1;75;0;100;FALSE;0;0;0;25
2013-08-28;"LV1";"ja";9;"BGR";0;95;3;97;FALSE;0;0;3;0
2013-10-01;"LV1";"ja";9;"BGR";0;65;0;100;FALSE;0;0;0;35
2013-06-17;"LV1";"ja";9;"BGR";0;65;7;93;FALSE;0;0,5;15;45
2013-07-30;"LV1";"ja";9;"BGR";0;35;65;35;FALSE;0;0;0;3
2013-06-17;"LV2";"nee";1;"EXC";0;15;65;35;FALSE;0;15;7;7
2013-08-28;"LV2";"nee";1;"EXC";0;85;3;97;FALSE;0;0;3;15
2013-10-01;"LV2";"nee";1;"EXC";0;65;0,5;99,5;FALSE;0;0;3;25
2013-07-30;"LV2";"nee";1;"EXC";0;25;15;85;FALSE;0;0;0;35
2013-07-30;"LV2";"nee";1;"EXC";1;25;15;85;FALSE;0;0;3;0
2013-08-28;"LV2";"nee";2;"EXC";0;99;0;100;FALSE;0;0;7;7
2013-07-30;"LV2";"nee";2;"EXC";0;85;3;97;FALSE;0;0;35;25
2013-06-17;"LV2";"nee";2;"EXC";0;7;3;97;FALSE;0;3;3;85
2013-10-01;"LV2";"nee";2;"EXC";45;85;0,5;99,5;FALSE;0;0;55;0
2013-10-01;"LV2";"nee";3;"EXC";31;7;45;55;FALSE;0;0;0;85
2013-06-17;"LV2";"nee";3;"EXC";0;55;0,5;99,5;FALSE;0;3;3;75
2013-08-28;"LV2";"nee";3;"EXC";32;99;0;100;FALSE;0;0;0;65
2013-08-28;"LV2";"nee";3;"EXC";1;99;0;100;FALSE;0;0;3;0
2013-07-30;"LV2";"nee";3;"EXC";6;0,5;7;93;FALSE;0;0;0;95
2013-07-30;"LV2";"nee";3;"EXC";0;0,5;7;93;FALSE;0;0;0,5;0
2013-10-01;"LV2";"nee";4;"EXC";3;35;3;97;FALSE;0;0;0;85
2013-08-28;"LV2";"nee";4;"EXC";3;85;7;93;FALSE;0;0;3;0
2013-06-17;"LV2";"nee";4;"EXC";0;55;0;100;FALSE;0;0;3;55
2013-07-30;"LV2";"nee";4;"EXC";1;35;0,5;99,5;FALSE;0;0;0;45
2013-08-28;"LV2";"nee";4;"EXC";7;85;7;93;FALSE;0;0;0;85
2013-07-30;"LV2";"nee";4;"EXC";7;35;0,5;99,5;FALSE;0;0;7;0
2013-10-01;"LV2";"nee";4;"EXC";6;35;3;97;FALSE;0;0;3;0
2013-08-28;"LV2";"nee";5;"EXC";1;85;0;100;FALSE;0;0;3;0
2013-10-01;"LV2";"nee";5;"EXC";2;45;7;93;FALSE;0;0;3;0
2013-06-17;"LV2";"nee";5;"EXC";0;85;0;100;FALSE;0;3;15;55
2013-07-30;"LV2";"nee";5;"EXC";3;15;0;100;FALSE;0;0;3;0
2013-07-30;"LV2";"nee";5;"EXC";1;15;0;100;FALSE;0;0;0;85
2013-10-01;"LV2";"nee";5;"EXC";8;45;7;93;FALSE;0;0;0;65
2013-08-28;"LV2";"nee";5;"EXC";6;85;0;100;FALSE;0;0;0;65
2013-06-17;"LV2";"nee";6;"BGR";0;65;0;100;FALSE;3;0;0,5;15
2013-10-01;"LV2";"nee";6;"BGR";18;65;0;100;FALSE;0;0;0;75
2013-07-30;"LV2";"nee";6;"BGR";9;15;3;97;FALSE;0;0;0;75
2013-07-30;"LV2";"nee";6;"BGR";0;15;3;97;FALSE;0;0;7;0
2013-10-01;"LV2";"nee";6;"BGR";1;65;0;100;FALSE;0;0;3;0
2013-08-28;"LV2";"nee";6;"BGR";0;95;0;100;FALSE;0;0;3;0
2013-08-28;"LV2";"nee";6;"BGR";31;95;0;100;FALSE;0;0;0;25
2013-07-30;"LV2";"nee";7;"BGR";0;55;3;97;FALSE;0;0;7;0
2013-08-28;"LV2";"nee";7;"BGR";4;65;7;93;FALSE;0;0;3;0
2013-06-17;"LV2";"nee";7;"BGR";0;75;0;100;FALSE;7;0;0,5;15
2013-08-28;"LV2";"nee";7;"BGR";2;65;7;93;FALSE;0;0;0;55
2013-08-28;"LV2";"nee";7;"BGR";0;65;7;93;FALSE;25;0;0;0
2013-10-01;"LV2";"nee";7;"BGR";0;65;3;97;FALSE;0;0;3;0
2013-07-30;"LV2";"nee";7;"BGR";2;55;3;97;FALSE;0;0;0;35
2013-10-01;"LV2";"nee";7;"BGR";5;65;3;97;FALSE;0;0;0;35
2013-07-30;"LV2";"nee";8;"BGR";0;25;25;75;FALSE;0;0;7;35
2013-06-17;"LV2";"nee";8;"BGR";0;65;3;97;FALSE;0;15;3;25
2013-08-28;"LV2";"nee";8;"BGR";0;55;3;97;FALSE;0;0;0,5;0
2013-10-01;"LV2";"nee";8;"BGR";1;65;7;93;FALSE;0;0;0,5;0
2013-10-01;"LV2";"nee";8;"BGR";17;65;7;93;FALSE;0;0;0;25
2013-08-28;"LV2";"nee";8;"BGR";13;55;3;97;FALSE;0;0;0;55
2013-10-01;"LV2";"nee";8;"BGR";0;65;7;93;FALSE;0,5;0;0;0
2013-07-30;"LV2";"nee";9;"BGR";0;55;0;100;FALSE;3;0;0;0
2013-08-28;"LV2";"nee";9;"BGR";0;85;3;97;FALSE;0;0;45;0
2013-07-30;"LV2";"nee";9;"BGR";6;55;0;100;FALSE;0;0;3;0
2013-10-01;"LV2";"nee";9;"BGR";1;55;0;100;FALSE;0;0;3;0
2013-06-17;"LV2";"nee";9;"BGR";0;85;0;100;FALSE;7;0;0,5;15
2013-07-30;"LV2";"nee";9;"BGR";2;55;0;100;FALSE;0;0;0;45
2013-10-01;"LV2";"nee";9;"BGR";16;55;0;100;FALSE;0;0;0;35
2013-06-17;"WD1";"ja";1;"EXC";0;85;3;97;FALSE;0,5;0;7;3
2013-08-28;"WD1";"ja";1;"EXC";0;99;0;100;FALSE;3;0;3;3
2013-10-01;"WD1";"ja";1;"EXC";0;99;0;100;FALSE;3;0;3;3
2013-07-30;"WD1";"ja";1;"EXC";0;99;0;100;FALSE;3;0;3;3
2013-06-17;"WD1";"ja";2;"EXC";0;55;35;65;FALSE;15;0;0,5;0
2013-06-17;"WD1";"ja";2;"EXC";3;55;35;65;FALSE;0;0;0;7
2013-10-01;"WD1";"ja";2;"EXC";31;85;3;97;FALSE;0;0;25;0
2013-08-28;"WD1";"ja";2;"EXC";94;15;45;55;FALSE;0;0;55;0
2013-10-01;"WD1";"ja";2;"EXC";0;85;3;97;FALSE;25;0;0;0
2013-06-17;"WD1";"ja";3;"EXC";0;75;3;97;FALSE;3;0;7;75
2013-08-28;"WD1";"ja";3;"EXC";0;45;25;75;FALSE;3;0;0;0,5
2013-10-01;"WD1";"ja";3;"EXC";0;95;0;100;FALSE;0,5;0;3;25
2013-07-30;"WD1";"ja";3;"EXC";2;95;0;100;FALSE;0;0;0;25
2013-08-28;"WD1";"ja";3;"EXC";3;45;25;75;FALSE;0;0;35;0
2013-07-30;"WD1";"ja";3;"EXC";0;95;0;100;FALSE;3;0;3;0
2013-08-28;"WD1";"ja";4;"EXC";0;95;3;97;FALSE;0;0;0;35
2013-07-30;"WD1";"ja";4;"EXC";3;95;0;100;FALSE;0;0;0;15
2013-06-17;"WD1";"ja";4;"EXC";0;85;0;100;FALSE;0;0;0,5;15
2013-10-01;"WD1";"ja";4;"EXC";0;95;0;100;FALSE;0;0;0;35
2013-07-30;"WD1";"ja";4;"EXC";0;95;0;100;FALSE;3;0;0,5;0
2013-07-30;"WD1";"ja";5;"EXC";6;95;0;100;FALSE;0;0;0;25
2013-07-30;"WD1";"ja";5;"EXC";0;95;0;100;FALSE;3;0;0;0
2013-10-01;"WD1";"ja";5;"EXC";8;95;0;100;FALSE;0;0;0;7
2013-10-01;"WD1";"ja";5;"EXC";0;95;0;100;FALSE;7;0;0;0
2013-06-17;"WD1";"ja";5;"EXC";0;85;0,5;99,5;FALSE;0;0;7;3
2013-07-30;"WD1";"ja";5;"EXC";4;95;0;100;FALSE;0;0;7;0
2013-10-01;"WD1";"ja";5;"EXC";3;95;0;100;FALSE;0;0;15;0
2013-08-28;"WD1";"ja";5;"EXC";9;95;0;100;FALSE;0;0;0;35
2013-08-28;"WD1";"ja";5;"EXC";0;95;0;100;FALSE;3;0;0;0
2013-08-28;"WD1";"ja";5;"EXC";4;95;0;100;FALSE;0;0;3;0
2013-07-30;"WD1";"ja";6;"BGR";0;35;45;55;FALSE;0;0;7;3
2013-10-01;"WD1";"ja";6;"BGR";0;95;0;100;FALSE;0;0;15;3
2013-06-17;"WD1";"ja";6;"BGR";0;55;15;85;FALSE;3;0;15;15
2013-08-28;"WD1";"ja";6;"BGR";0;55;45;55;FALSE;0;0;7;3
2013-06-17;"WD1";"ja";7;"BGR";0;25;55;45;FALSE;15;0;3;0
2013-07-30;"WD1";"ja";7;"BGR";0;25;35;65;FALSE;0;0;3;0
2013-10-01;"WD1";"ja";7;"BGR";0;99;0;100;FALSE;0,5;0;0;0
2013-07-30;"WD1";"ja";7;"BGR";15;25;35;65;FALSE;0;0;0;35
2013-10-01;"WD1";"ja";7;"BGR";44;99;0;100;FALSE;0;0;0;25
2013-08-28;"WD1";"ja";7;"BGR";4;65;0;100;FALSE;0;0;0;75
2013-08-28;"WD1";"ja";7;"BGR";0;65;0;100;FALSE;0;0;3;0
2013-07-30;"WD1";"ja";8;"BGR";1;15;7;93;FALSE;0;0;3;0
2013-06-17;"WD1";"ja";8;"BGR";0;15;75;25;FALSE;0;0;3;15
2013-10-01;"WD1";"ja";8;"BGR";28;95;3;97;FALSE;0;0;0;45
2013-07-30;"WD1";"ja";8;"BGR";10;15;7;93;FALSE;0;0;0;75
2013-10-01;"WD1";"ja";8;"BGR";2;95;3;97;FALSE;0;0;3;0
2013-08-28;"WD1";"ja";8;"BGR";0;75;3;97;FALSE;0;0;0,5;0
2013-08-28;"WD1";"ja";8;"BGR";7;75;3;97;FALSE;0;0;0;65
2013-10-01;"WD1";"ja";9;"BGR";0;55;35;65;FALSE;3;0;3;3
2013-07-30;"WD1";"ja";9;"BGR";0;75;25;75;FALSE;0;0;3;7
2013-08-28;"WD1";"ja";9;"BGR";0;45;55;45;FALSE;0;0;3;7
2013-06-17;"WD1";"ja";9;"BGR";0;85;3;97;FALSE;0;0;3;25
2013-07-30;"WD2";"ja";1;"EXC";0;85;7;93;FALSE;0;0;0;0,5
2013-08-28;"WD2";"ja";1;"EXC";0;45;55;45;FALSE;0;0;0,5;3
2013-06-17;"WD2";"ja";1;"EXC";0;55;35;65;FALSE;0;0;3;3
2013-10-01;"WD2";"ja";1;"EXC";0;65;35;65;FALSE;0;0;0;0,5
2013-06-17;"WD2";"ja";2;"EXC";0;65;25;75;FALSE;3;0;3;3
2013-10-01;"WD2";"ja";2;"EXC";6;65;0,5;99,5;FALSE;0;0;0;99
2013-07-30;"WD2";"ja";2;"EXC";0;65;3;97;FALSE;7;0;0;0
2013-08-28;"WD2";"ja";2;"EXC";3;75;0;100;FALSE;0;0;0;35
2013-10-01;"WD2";"ja";2;"EXC";0;65;0,5;99,5;FALSE;3;0;0;0
2013-08-28;"WD2";"ja";2;"EXC";0;75;0;100;FALSE;3;0;15;0
2013-07-30;"WD2";"ja";2;"EXC";31;65;3;97;FALSE;0;0;0;35
2013-07-30;"WD2";"ja";2;"EXC";9;65;3;97;FALSE;0;0;7;0
2013-06-17;"WD2";"ja";3;"EXC";0;75;7;93;FALSE;7;0;35;7
2013-07-30;"WD2";"ja";3;"EXC";7;65;35;65;FALSE;0;0;0;3
2013-06-17;"WD2";"ja";4;"EXC";0;15;75;25;FALSE;0;0;0,5;0
2013-07-30;"WD2";"ja";4;"EXC";28;75;3;97;FALSE;0;0;0;25
2013-07-30;"WD2";"ja";4;"EXC";0;75;3;97;FALSE;0;0;7;0
2013-06-17;"WD2";"ja";5;"EXC";0;95;3;97;FALSE;3;0;7;3
2013-10-01;"WD2";"ja";5;"EXC";0;65;3;97;FALSE;3;0;0;0
2013-10-01;"WD2";"ja";5;"EXC";6;65;3;97;FALSE;0;0;0;15
2013-07-30;"WD2";"ja";5;"EXC";0;65;3;97;FALSE;3;0;25;7
2013-08-28;"WD2";"ja";5;"EXC";49;65;3;97;FALSE;0;0;25;0
2013-10-01;"WD2";"ja";5;"EXC";2;65;3;97;FALSE;0;0;7;0
2013-07-30;"WD2";"ja";6;"BGR";0;55;45;55;FALSE;0,5;0;0;0
2013-08-28;"WD2";"ja";6;"BGR";0;65;15;85;FALSE;0;0;15;0
2013-10-01;"WD2";"ja";6;"BGR";0;95;0;100;FALSE;3;0;15;0,5
2013-06-17;"WD2";"ja";7;"BGR";0;45;45;55;FALSE;0;0;3;7
2013-08-28;"WD2";"ja";7;"BGR";0;75;25;75;FALSE;0;0;3;0,5
2013-10-01;"WD2";"ja";7;"BGR";0;95;0;100;FALSE;0;0;3;0
2013-07-30;"WD2";"ja";7;"BGR";0;35;55;45;FALSE;0;0;0;0,5
2013-10-01;"WD2";"ja";8;"BGR";0;95;0;100;FALSE;0,5;0;0,5;0,5
2013-08-28;"WD2";"ja";8;"BGR";0;45;15;85;FALSE;0;0;25;15
2013-07-30;"WD2";"ja";8;"BGR";0;45;55;45;FALSE;0;0;0,5;0
2013-06-17;"WD2";"ja";8;"BGR";0;45;35;65;FALSE;0;0;7;15
2013-10-01;"WD2";"ja";9;"BGR";0;75;25;75;FALSE;0,5;0;0,5;3
2013-06-17;"WD2";"ja";9;"BGR";0;35;3;97;FALSE;0;0;15;45
2013-07-30;"WD2";"ja";9;"BGR";22;45;3;97;FALSE;0;35;0;0
2013-08-28;"WD2";"ja";9;"BGR";0;65;3;97;FALSE;0;3;35;3
NA;NA;"nee";NA;"BGR";4;85;3;97;FALSE;0;0;0;55
2013-08-28;"LV2";"nee";9;"BGR";4;85;3;97;FALSE;0;0;0;55
