ID_Exclosure_opname;Datum;jaar;maand;ID_Exclosure;ID_Exclosure_zone;Deelgebied;Vegetatie aanwezig;Begraasd/Niet Begr;Afgebrand 2011;Opmerking;Afstand_m;Hoek_gr;Bedekking mos;Bedekking kale bodem;strooisel ingezameld;bodemstalen ingezameld;H1_cm;H2_cm;H3_cm;H4_cm;H5_cm;H6_cm;H7_cm;H8_cm;H_gemd;Sdev
1;27/06/2011;2011;7;1;Excl, zone A;GB;WAAR;NB;ONWAAR;;;;90-100;< 1;WAAR;WAAR;7,5;10;10;8,5;10;5,5;7;10,5;9;1,690969
2;27/06/2011;2011;7;1;Excl, zone D;GB;WAAR;NB;ONWAAR;;0;0;90-100;< 1;WAAR;WAAR;9,5;6;15;14;8;9;13;4;10;3,656651
3;27/06/2011;2011;7;1;Excl, zone B;GB;WAAR;NB;ONWAAR;;;;90-100;< 1;WAAR;WAAR;11;22,5;18;5;8;11;8,5;13;12;5,319481
4;27/06/2011;2011;7;1;Excl, zone C;GB;WAAR;NB;ONWAAR;;;;80-90;nvt;WAAR;WAAR;13;21;14,5;5,5;12,5;11;9,5;26,5;14;6,224636
5;27/06/2011;2011;7;1;Excl, Centrum;GB;WAAR;NB;ONWAAR;;;;50-60;20-30;WAAR;WAAR;9;8;14;10;11;6;4;6;8;3
6;27/06/2011;2011;7;1;Begraasd, A;GB;WAAR;B;ONWAAR;;6,2;200;80-90;< 1;WAAR;WAAR;6;7;6;5;11;11;6;9;8;2,232571
7;27/06/2011;2011;7;1;Begraasd, B;GB;WAAR;B;ONWAAR;;11,1;295;20-30;50-60;WAAR;WAAR;10;8;14;9;19;10;6;3;10;4,567206
8;27/06/2011;2011;7;1;Begraasd, C;GB;WAAR;B;ONWAAR;;20,7;81,5;90-100;1-5;WAAR;WAAR;8;8;4,5;5,5;11,5;4;6,5;4,5;7;2,364285
9;27/06/2011;2011;7;1;Begraasd, D;GB;WAAR;B;ONWAAR;;11,2;160;10-20;10-20;WAAR;WAAR;8;9;16;10;11;6;4;3;8;3,903124
10;27/06/2011;2011;7;2;Excl, zone A;GB;WAAR;NB;ONWAAR;;0;0;70-80;5-10;WAAR;WAAR;8,5;43;50;25;52;36;40;41;37;13,28636
11;27/06/2011;2011;7;2;Excl, zone B;GB;WAAR;NB;ONWAAR;;0;0;20-30;40-50;WAAR;ONWAAR;20;25;18;22;19;23;8;15;19;4,993746
12;27/06/2011;2011;7;2;Excl, zone C;GB;WAAR;NB;ONWAAR;;0;0;20-30;5-10;WAAR;WAAR;38;25;32;51;33;37;46;35;37;7,639331
13;27/06/2011;2011;7;2;Excl, zone D;GB;WAAR;NB;ONWAAR;;0;0;< 1;1-5;WAAR;WAAR;57;55;63;57;67;82;58;42;60;10,6822
14;27/06/2011;2011;7;2;Excl, Centrum;GB;WAAR;NB;ONWAAR;;0;0;90-100;nvt;ONWAAR;WAAR;23;21;15;33;55;13;47;18;28;14,50377
15;27/06/2011;2011;7;2;Begraasd, A;GB;ONWAAR;B;ONWAAR;;38;128;30-40;1-5;ONWAAR;WAAR;10;11;28;17;31;22;7;21;18;8,123076
16;27/06/2011;2011;7;2;Begraasd, B;GB;WAAR;B;ONWAAR;;54,2;140;< 1;70-80;WAAR;WAAR;9;10;14;12;9;8;7;11;10;2,12132
17;27/06/2011;2011;7;2;Begraasd, C;GB;WAAR;B;ONWAAR;;51,4;152;10-20;80-90;WAAR;WAAR;8,5;8;7;8;5,5;5;5,5;9;7;1,445629
18;27/06/2011;2011;7;2;Begraasd, D;GB;WAAR;B;ONWAAR;;46,5;158;< 1;70-80;WAAR;WAAR;21;24;8;8;7;16;28;29;18;8,586872
19;27/06/2011;2011;7;3;Excl, Centrum;WD;WAAR;NB;WAAR;Verbrand;0;0;nvt;90-100;ONWAAR;WAAR;20;17;23;8;16;5;6;18;14;6,392134
20;27/06/2011;2011;7;3;Excl, zone A;WD;WAAR;NB;ONWAAR;;0;0;nvt;100;ONWAAR;WAAR;5;4;7,5;5;0;0;0;0;3;2,838766
21;27/06/2011;2011;7;3;Excl, zone B;WD;ONWAAR;NB;WAAR;verbrand, niets op te nemen;0;0;nvt;100;ONWAAR;WAAR;0;0;0;0;0;0;0;0;0;0
22;27/06/2011;2011;7;3;Excl, zone C;WD;WAAR;NB;ONWAAR;;0;0;nvt;60-70;ONWAAR;WAAR;0;0;0;0;0;0;0;0;0;0
23;27/06/2011;2011;7;3;Excl, zone D;WD;WAAR;NB;ONWAAR;;0;0;nvt;90-100;ONWAAR;WAAR;12;9;9;13;14;11;5;6;10;3,018174
24;27/06/2011;2011;7;3;Begraasd, A;WD;WAAR;B;ONWAAR;;17,8;357;nvt;90-100;ONWAAR;WAAR;10;7;6;7;4;5;4;3;6;2,106537
25;27/06/2011;2011;7;3;Begraasd, B;WD;WAAR;B;ONWAAR;;14,6;64;;80-90;ONWAAR;WAAR;10,5;9;9,5;6;8;11,5;9,5;5;9;2,05776
26;27/06/2011;2011;7;3;Begraasd, C;WD;WAAR;B;WAAR;verbrand;20;129;nvt;90-100;ONWAAR;WAAR;9;6;4;8;15;18;7;10;10;4,385701
27;27/06/2011;2011;7;3;Begraasd, D;WD;WAAR;B;ONWAAR;;11,4;171;nvt;80-90;ONWAAR;WAAR;7,5;6;11;12;20;7;8;6;10;4,408355
28;28/06/2011;2011;7;4;Excl, Centrum;WD;ONWAAR;NB;WAAR;totaal verbrand, geen opnames;0;0;;100;ONWAAR;ONWAAR;0;0;0;0;0;0;0;0;0;0
29;27/06/2011;2011;7;4;Excl, zone A;WD;WAAR;NB;ONWAAR;;0;0;nvt;70-80;ONWAAR;WAAR;8,5;14;19,5;11;7;14;25;17;14;5,550901
30;28/06/2011;2011;7;4;Excl, zone B;WD;ONWAAR;NB;WAAR;totaal verbrand, geen opnames;;;;100;ONWAAR;WAAR;0;0;0;0;0;0;0;0;0;0
31;28/06/2011;2011;7;4;Excl, zone C;WD;WAAR;NB;WAAR;verbrand;0;0;;90-100;ONWAAR;WAAR;2;1;3;0;0;0;0;0;6;1,089725
32;28/06/2011;2011;7;4;Excl, zone D;WD;ONWAAR;NB;ONWAAR;;0;0;;100;ONWAAR;WAAR;0;0;0;0;0;0;0;0;0;0
33;28/06/2011;2011;7;4;Begraasd, A;WD;WAAR;B;ONWAAR;;14;340;;100;ONWAAR;WAAR;5;3;56;0;0;0;0;0;8;18,22773
34;28/06/2011;2011;7;4;Begraasd, C;WD;WAAR;B;ONWAAR;zone was niet ingevuld, B onder voorbehoud;12;170;nvt;90-100;ONWAAR;WAAR;9;16;16;12;7;6;18;6;11;4,602988
35;28/06/2011;2011;7;4;Begraasd, B;WD;WAAR;B;ONWAAR;;7,5;60;nvt;90-100;ONWAAR;WAAR;8;7;7;14;8;8,5;6;7;8;2,317562
36;28/06/2011;2011;7;4;Begraasd, D;WD;WAAR;B;ONWAAR;;10;300;nvt;80-90;ONWAAR;WAAR;6,5;12;9,5;11,5;5,5;7;12;13;10;2,735759
37;28/06/2011;2011;7;5;Excl, Centrum;LV;WAAR;NB;ONWAAR;;0;0;;90-100;ONWAAR;ONWAAR;18;12;11;12;12;14;16;18;14;2,666341
38;28/06/2011;2011;7;5;Excl, zone A;LV;WAAR;NB;ONWAAR;;0;0;;80-90;ONWAAR;WAAR;13;24;22;22;16;13;19;8;17;5,206666
39;28/06/2011;2011;7;5;Excl, zone B;LV;WAAR;NB;ONWAAR;;0;0;nvt;90-100;ONWAAR;WAAR;18;21;12;15;14;11;15,5;19,5;16;3,297726
40;28/06/2011;2011;7;5;Excl, zone C;LV;ONWAAR;NB;WAAR;volledig kaal, verbrand;0;0;nvt;100;ONWAAR;WAAR;0;0;0;0;0;0;0;0;0;0
41;28/06/2011;2011;7;5;Excl, zone D;LV;ONWAAR;NB;ONWAAR;;0;0;nvt;100;ONWAAR;WAAR;0;0;0;0;0;0;0;0;0;0
42;28/06/2011;2011;7;5;Begraasd, A;LV;WAAR;B;ONWAAR;;18;40;nvt;80-90;ONWAAR;WAAR;18;17;21;15;18;7;7;13;14;4,84768
43;28/06/2011;2011;7;5;Begraasd, B;LV;WAAR;B;ONWAAR;;17;90;;80-90;ONWAAR;WAAR;22;10,5;8;18;35,5;21,5;13,5;8,5;17;8,631112
44;28/06/2011;2011;7;5;Begraasd, C;LV;WAAR;B;ONWAAR;;10;180;nvt;90-100;ONWAAR;WAAR;7;17;23;24;11;11;6;12;14;6,372549
45;28/06/2011;2011;7;5;Begraasd, D;LV;ONWAAR;B;WAAR;volledig kaal, verbrand;9;260;nvt;100;ONWAAR;WAAR;0;0;0;0;0;0;0;0;0;0
46;28/06/2011;2011;7;6;Excl, Centrum;LV;WAAR;NB;ONWAAR;;0;0;;70-80;ONWAAR;ONWAAR;20;13;19;14;22;16;15;2;15;5,754075
47;28/06/2011;2011;7;6;Excl, zone A;LV;WAAR;NB;ONWAAR;;0;0;nvt;80-90;ONWAAR;WAAR;8,5;14;16;8,5;14;13;9,5;9;12;2,811111
48;28/06/2011;2011;7;6;Excl, zone B;LV;WAAR;NB;ONWAAR;;0;0;nvt;60-70;ONWAAR;WAAR;11;24,5;28,5;15;14,5;15;15,5;27;19;6,253749
49;28/06/2011;2011;7;6;Excl, zone C;LV;WAAR;NB;ONWAAR;;0;0;nvt;60-70;ONWAAR;WAAR;10;10;20;22;13;17;13;12;15;4,240799
50;28/06/2011;2011;7;6;Excl, zone D;LV;WAAR;NB;ONWAAR;;0;0;;90-100;ONWAAR;WAAR;15;9;10;8;8;6;7;6;9;2,735759
51;28/06/2011;2011;7;6;Begraasd, A;LV;WAAR;B;ONWAAR;;18,4;350;;80-90;ONWAAR;WAAR;9;15,5;11,5;18;17;14;18;10;14;3,361082
52;28/06/2011;2011;7;6;Begraasd, B;LV;WAAR;B;ONWAAR;;16,6;30;nvt;80-90;ONWAAR;WAAR;10;6;13;20,5;17;12,5;9;13,5;13;4,271544
53;28/06/2011;2011;7;6;Begraasd, C;LV;WAAR;B;ONWAAR;;0;0;;60-70;ONWAAR;WAAR;17;18;7;10;15;11;12;6;12;4,123106
54;28/06/2011;2011;7;6;Begraasd, D;LV;WAAR;B;ONWAAR;;0;0;;90-100;ONWAAR;WAAR;7;4;0;0;0;0;0;0;1;2,496873
55;8/08/2011;2011;8;1;Excl, Centrum;GB;WAAR;NB;ONWAAR;;0;0;50-60;5-10;ONWAAR;ONWAAR;15;24;18;23;34;19;13;26;22;6,30476
56;8/08/2011;2011;8;1;Excl, zone A;GB;WAAR;NB;ONWAAR;;0;0;60-70;5-10;ONWAAR;WAAR;22;26;25;29;19;19;23;33;24;4,527693
57;8/08/2011;2011;8;1;Excl, zone B;GB;WAAR;NB;ONWAAR;;0;0;10-20;5-10;WAAR;WAAR;38;17;30;36;40;42;15,5;33;31;9,458586
58;8/08/2011;2011;8;1;Excl, zone C;GB;WAAR;NB;ONWAAR;;0;0;10-20;;ONWAAR;WAAR;11;11;10;12;13;15;12;9;12;1,727534
59;8/08/2011;2011;8;1;Excl, zone D;GB;WAAR;NB;ONWAAR;;0;0;80-90;< 1;ONWAAR;WAAR;24;20;32;24;29;40;24;27;28;5,830952
60;8/08/2011;2011;8;1;Begraasd, A;GB;WAAR;B;ONWAAR;;8,7;325;70-80;1-5;ONWAAR;WAAR;2;4;12;8;6;5;3;7;6;2,97647
61;8/08/2011;2011;8;1;Begraasd, B;GB;WAAR;B;ONWAAR;;6;55;70-80;1-5;ONWAAR;WAAR;9;9;4;6;7;8;7;8;7;1,561249
62;8/08/2011;2011;8;1;Begraasd, C;GB;WAAR;B;ONWAAR;;10;140;20-30;1-5;ONWAAR;WAAR;12;9;12;6;8;10;5;8;9;2,384848
63;8/08/2011;2011;8;1;Begraasd, D;GB;WAAR;B;ONWAAR;;10;274;70-80;5-10;ONWAAR;WAAR;0;5;6;7;7;4;11;0;5;3,464102
64;8/08/2011;2011;8;2;Excl, zone A;GB;WAAR;NB;ONWAAR;;0;0;20-30;1-5;WAAR;WAAR;38;53;28;60;35;76;23;62;47;17,43873
65;8/08/2011;2011;8;2;Excl, zone B;GB;WAAR;NB;ONWAAR;;0;0;5-10;50-60;WAAR;WAAR;19;22;35;39;22;58;27;38;32;12,05197
66;8/08/2011;2011;8;2;Excl, zone C;GB;WAAR;NB;ONWAAR;;0;0;40-50;1-5;WAAR;WAAR;13;69;89;88;75;9;15;46;50;32,09361
67;8/08/2011;2011;8;2;Excl, zone D;GB;WAAR;NB;ONWAAR;;0;0;20-30;10-20;ONWAAR;WAAR;60;72;71;53;51;96;52;84;67;15,3943
68;8/08/2011;2011;8;2;Excl, Centrum;GB;WAAR;NB;ONWAAR;;0;0;60-70;1-5;WAAR;ONWAAR;25;68;53;52;71;76;15;44;50;20,4267
69;8/08/2011;2011;8;2;Begraasd, A;GB;WAAR;B;ONWAAR;;44;140;30-40;1-5;WAAR;WAAR;56;48;57;15;23;38;59;22;40;16,62641
70;8/08/2011;2011;8;2;Begraasd, B;GB;WAAR;B;ONWAAR;;48;132;10-20;1-5;WAAR;WAAR;17;15;47;6;24;12;24;25;21;11,55151
71;8/08/2011;2011;8;2;Begraasd, C;GB;WAAR;B;ONWAAR;;50,48;166;30-40;10-20;WAAR;WAAR;36;85;51;45;84;48;53;67;59;16,99219
72;8/08/2011;2011;8;2;Begraasd, D;GB;WAAR;B;ONWAAR;;55,5;175;40-50;5-10;WAAR;WAAR;18;34;29;42;68;7;12;35;31;18,11034
73;8/08/2011;2011;8;3;Excl, zone A;WD;WAAR;NB;ONWAAR;;0;0;1-5;90-100;ONWAAR;WAAR;0;0;0;0;0;0;0;0;0;0
74;8/08/2011;2011;8;3;Excl, zone B;WD;WAAR;NB;ONWAAR;;0;0;nvt;90-100;ONWAAR;WAAR;9;6;0;0;0;0;0;0;2;3,333073
75;8/08/2011;2011;8;3;Excl, zone C;WD;WAAR;NB;ONWAAR;;0;0;5-10;70-80;ONWAAR;WAAR;0;42;61;0;30;10;56;32;29;22,29034
76;8/08/2011;2011;8;3;Excl, zone D;WD;WAAR;NB;ONWAAR;;0;0;nvt;70-80;ONWAAR;WAAR;65;60;46;14;23;79;59;44;49;20,34545
77;8/08/2011;2011;8;3;Excl, Centrum;WD;WAAR;NB;ONWAAR;;0;0;1-5;90-100;ONWAAR;ONWAAR;0;0;0;0;0;0;0;0;0;0
78;8/08/2011;2011;8;3;Begraasd, A;WD;WAAR;B;ONWAAR;;15,75;329;nvt;80-90;ONWAAR;WAAR;0;0;23;0;40;0;0;0;8;14,28668
79;8/08/2011;2011;8;3;Begraasd, B;WD;WAAR;B;ONWAAR;;12,7;70;< 1;90-100;ONWAAR;WAAR;20;14;0;8;11;13;6;0;9;6,5
80;8/08/2011;2011;8;3;Begraasd, C;WD;WAAR;B;ONWAAR;;12,3;181;1-5;90-100;ONWAAR;WAAR;6;0;7;19;10;3;6;0;6;5,764926
81;8/08/2011;2011;8;3;Begraasd, D;WD;WAAR;B;ONWAAR;;19,4;270;nvt;90-100;ONWAAR;WAAR;23,5;6,5;21;0;0;0;0;0;6;9,423209
82;8/08/2011;2011;8;4;Excl, zone A;WD;WAAR;NB;ONWAAR;;0;0;< 1;90-100;ONWAAR;WAAR;0;7;9;13;20;14;18;0;10;7,061117
83;8/08/2011;2011;8;4;Excl, zone B;WD;WAAR;NB;ONWAAR;;0;0;nvt;90-100;ONWAAR;WAAR;30,5;19;33,5;0;0;0;0;0;10;13,93007
84;8/08/2011;2011;8;4;Excl, zone C;WD;WAAR;NB;ONWAAR;;0;0;nvt;100;ONWAAR;WAAR;2,5;0;0;0;0;0;0;0;0;0,8267973
85;8/08/2011;2011;8;4;Excl, zone D;WD;WAAR;NB;ONWAAR;;0;0;nvt;90-100;ONWAAR;WAAR;4;12;26;20;0;0;0;0;8;9,717896
86;8/08/2011;2011;8;4;Excl, Centrum;WD;WAAR;NB;ONWAAR;;0;0;nvt;100;ONWAAR;ONWAAR;0;0;0;0;0;0;0;0;0;0
87;8/08/2011;2011;8;4;Begraasd, A;WD;WAAR;B;ONWAAR;;12;350;nvt;100;ONWAAR;WAAR;0;0;0;0;0;0;0;0;0;0
88;8/08/2011;2011;8;4;Begraasd, B;WD;WAAR;B;ONWAAR;;14;76;nvt;80-90;ONWAAR;WAAR;20;13;8;14;25;0;0;0;10;9,041571
89;8/08/2011;2011;8;4;Begraasd, C;WD;WAAR;B;ONWAAR;;12,6;191;< 1;90-100;ONWAAR;WAAR;0;0;0;0;0;0;0;0;0;0
90;8/08/2011;2011;8;4;Begraasd, D;WD;ONWAAR;B;ONWAAR;;15,5;268;nvt;100;ONWAAR;WAAR;0;0;0;0;0;0;0;0;0;0
91;9/08/2011;2011;8;5;Excl, zone A;LV;WAAR;NB;ONWAAR;;0;0;nvt;80-90;ONWAAR;WAAR;0;4;43;63;57;10;61;58;37;25,7779
92;9/08/2011;2011;8;5;Excl, zone B;LV;ONWAAR;NB;ONWAAR;;0;0;nvt;80-90;ONWAAR;WAAR;23;78;53;62;30;34;0;0;35;26,27261
93;9/08/2011;2011;8;5;Excl, zone C;LV;WAAR;NB;ONWAAR;;0;0;nvt;100;ONWAAR;WAAR;12;6;0;0;0;0;0;0;2;4,175823
94;9/08/2011;2011;8;5;Excl, zone D;LV;ONWAAR;NB;ONWAAR;;0;0;nvt;100;ONWAAR;WAAR;0;0;0;0;0;0;0;0;0;0
95;9/08/2011;2011;8;5;Excl, Centrum;LV;WAAR;NB;ONWAAR;;0;0;nvt;80-90;ONWAAR;ONWAAR;10;9;0;5;0;0;11;7;5;4,408798
96;9/08/2011;2011;8;5;Begraasd, A;LV;WAAR;B;ONWAAR;;12,5;108;nvt;90-100;ONWAAR;WAAR;0;9;8,5;13;0;12;9;0;6;5,192769
97;9/08/2011;2011;8;5;Begraasd, B;LV;WAAR;B;ONWAAR;;13;192;nvt;90-100;ONWAAR;WAAR;5;8;13;14;0;0;0;0;5;5,634714
98;9/08/2011;2011;8;5;Begraasd, C;LV;WAAR;B;ONWAAR;;8,3;277;nvt;100;ONWAAR;WAAR;1,5;1,5;0;0;0;0;0;0;0;0,649519
99;9/08/2011;2011;8;5;Begraasd, D;LV;WAAR;B;ONWAAR;;10,5;348;nvt;80-90;ONWAAR;ONWAAR;46;15;12;53;42;51;25;0;30;18,84808
100;9/08/2011;2011;8;6;Excl, zone A;LV;WAAR;NB;ONWAAR;;0;0;nvt;80-90;ONWAAR;WAAR;22,5;19;0;0;0;0;0;0;5;9,027518
101;9/08/2011;2011;8;6;Excl, zone B;LV;WAAR;NB;ONWAAR;;0;0;< 1;70-80;ONWAAR;WAAR;43;62;16;49;27;8;19;16;30;17,88854
102;9/08/2011;2011;8;6;Excl, zone C;LV;WAAR;NB;ONWAAR;;0;0;nvt;60-70;ONWAAR;WAAR;18;22;35;37;21;22;19;31;26;7,034513
103;9/08/2011;2011;8;6;Excl, zone D;LV;WAAR;NB;ONWAAR;;0;0;20-30;< 1;ONWAAR;WAAR;65;82;62;75;37;49;80;71;65;14,57256
104;9/08/2011;2011;8;6;Excl, Centrum;LV;WAAR;NB;ONWAAR;;0;0;nvt;50-60;ONWAAR;ONWAAR;0;36;52;53;31;9;1;40;28;20,28392
105;9/08/2011;2011;8;6;Begraasd, A;LV;WAAR;B;ONWAAR;;24,5;343;nvt;70-80;WAAR;WAAR;16,5;12;1;12;0;7,5;28;11;11;8,325413
106;9/08/2011;2011;8;6;Begraasd, B;LV;WAAR;B;ONWAAR;;17;26;1-5;70-80;ONWAAR;WAAR;22;10;41;19,5;10,5;0;3,5;1;13;12,86574
107;9/08/2011;2011;8;6;Begraasd, C;LV;WAAR;B;ONWAAR;;16;116;nvt;50-60;ONWAAR;WAAR;23;45;47;19;30;23;60;19;33;14,44602
108;9/08/2011;2011;8;6;Begraasd, D;LV;WAAR;B;ONWAAR;;21,4;156;nvt;70-80;ONWAAR;WAAR;0;14;0;7;5;21;0;11;7;7,171994
109;26/09/2011;2011;9;1;Excl, zone A;GB;WAAR;NB;ONWAAR;;0;0;80-90;1-5;ONWAAR;WAAR;10;10;14,5;8,5;16;3;22;15,5;12;5,410854
110;26/09/2011;2011;9;1;Excl, zone B;GB;WAAR;NB;ONWAAR;;0;0;40-50;< 1;WAAR;WAAR;14;47,5;23,5;36;24,5;31;23;46;31;11,0282
111;26/09/2011;2011;9;1;Excl, zone C;GB;WAAR;NB;ONWAAR;;0;0;80-90;1-5;ONWAAR;WAAR;21;10;12;14;29;25,5;21,5;12,5;18;6,561905
112;26/09/2011;2011;9;1;Excl, zone D;GB;WAAR;NB;ONWAAR;;0;0;40-50;1-5;ONWAAR;WAAR;14,5;6,5;14;13;9;6;9;13;11;3,189338
113;26/09/2011;2011;9;1;Excl, Centrum;GB;WAAR;NB;ONWAAR;;0;0;80-90;nvt;ONWAAR;WAAR;15;8,5;11;22;24;12;27,5;12;16;6,562202
114;26/09/2011;2011;9;1;Begraasd, A;GB;WAAR;B;ONWAAR;;11;312;70-80;1-5;WAAR;WAAR;9;8;11,5;7,5;5;9;18;7;9;3,69755
115;26/09/2011;2011;9;1;Begraasd, B;GB;WAAR;B;ONWAAR;;7,3;66;20-30;1-5;ONWAAR;WAAR;5;7;7;11;11;12,5;7;7;8;2,492959
116;26/09/2011;2011;9;1;Begraasd, C;GB;WAAR;B;ONWAAR;;7;140;90-100;1-5;ONWAAR;WAAR;8,5;7,5;13;6;5;8;9;11,5;9;2,480392
117;26/09/2011;2011;9;1;Begraasd, D;GB;WAAR;B;ONWAAR;;10,8;224;80-90;1-5;ONWAAR;WAAR;26;8;9;18,5;15;14;7;16;14;5,905175
118;26/09/2011;2011;9;2;Excl, zone A;GB;WAAR;NB;ONWAAR;;0;0;5-10;5-10;ONWAAR;WAAR;12;64;81;88;58;51;52;72,5;60;21,93732
119;26/09/2011;2011;9;2;Excl, zone B;GB;WAAR;NB;ONWAAR;;0;0;80-90;1-5;WAAR;ONWAAR;50;8;16,5;19;37,5;58;0;15;26;19,33423
120;26/09/2011;2011;9;2;Excl, zone C;GB;WAAR;NB;ONWAAR;;0;0;40-50;20-30;WAAR;WAAR;36;23;12;20;19;40;21;28,5;25;8,719366
121;26/09/2011;2011;9;2;Excl, zone D;GB;WAAR;NB;ONWAAR;;0;0;20-30;5-10;ONWAAR;WAAR;35;19;96;19;95;97;82,5;49;62;32,5667
122;26/09/2011;2011;9;2;Excl, Centrum;GB;WAAR;NB;ONWAAR;;0;0;90-100;nvt;ONWAAR;WAAR;45;32;13,5;13;58;34;18;12;28;15,93725
123;26/09/2011;2011;9;2;Begraasd, A;GB;WAAR;B;ONWAAR;;40,1;142;40-50;1-5;ONWAAR;WAAR;24,5;21;14;10;12;12,5;18,5;35;18;7,787961
124;26/09/2011;2011;9;2;Begraasd, B;GB;WAAR;B;ONWAAR;;56;142;10-20;20-30;ONWAAR;WAAR;12,5;34;23;17;11;18,5;63;38;27;16,28026
125;26/09/2011;2011;9;2;Begraasd, C;GB;WAAR;B;ONWAAR;;45,5;208;nvt;50-60;ONWAAR;WAAR;8;9;6;6;21;9,5;7,5;8;9;4,546633
126;26/09/2011;2011;9;2;Begraasd, D;GB;WAAR;B;ONWAAR;;56;204;20-30;30-40;ONWAAR;WAAR;0;0;7;3;2;4;0;1;2;2,315032
127;26/09/2011;2011;9;3;Excl, zone A;WD;ONWAAR;NB;ONWAAR;;0;0;nvt;100;ONWAAR;WAAR;0;0;0;0;0;0;0;0;0;0
128;26/09/2011;2011;9;3;Excl, zone B;WD;WAAR;NB;ONWAAR;;0;0;1-5;90-100;ONWAAR;WAAR;2;3;3;1,5;2;3,5;1,5;3;2;0,7261844
129;26/09/2011;2011;9;3;Excl, zone C;WD;WAAR;NB;ONWAAR;;0;0;10-20;20-30;ONWAAR;WAAR;9;81;89;2,5;91;66;48;107;62;36,25684
130;26/09/2011;2011;9;3;Excl, zone D;WD;WAAR;NB;ONWAAR;;0;0;5-10;90-100;ONWAAR;WAAR;56;48;0;0;0;0;0;0;13;22,60531
131;26/09/2011;2011;9;3;Excl, Centrum;WD;WAAR;NB;ONWAAR;;0;0;1-5;90-100;ONWAAR;ONWAAR;0;0;0;6;7;4;3;4;3;2,598076
132;26/09/2011;2011;9;3;Begraasd, A;WD;WAAR;B;ONWAAR;;15,7;15;1-5;50-60;ONWAAR;WAAR;43,5;32;61;62,5;15,5;47;15;30;38;17,22995
133;26/09/2011;2011;9;3;Begraasd, B;WD;WAAR;B;ONWAAR;;12,7;97;;40-50;ONWAAR;ONWAAR;39,5;33;13;57;3;47,5;64,5;54;39;20,24759
134;26/09/2011;2011;9;3;Begraasd, C;WD;WAAR;B;ONWAAR;;0;0;nvt;90-100;ONWAAR;WAAR;1;3;0;0;8,5;0;4;0;2;2,833257
135;26/09/2011;2011;9;3;Excl, zone D;WD;WAAR;NB;ONWAAR;;10,7;264;5-10;80-90;ONWAAR;WAAR;1;53;2;4;0;0;3;0;8;17,11313
136;27/09/2011;2011;9;4;Excl, zone A;WD;WAAR;NB;ONWAAR;Begraasd!, en rugstreeppad net buiten exclosure;0;0;5-10;80-90;ONWAAR;WAAR;12;58;36;0;0;0;0;0;13;20,61401
137;27/09/2011;2011;9;4;Excl, zone B;WD;WAAR;NB;ONWAAR;;0;0;;60-70;WAAR;WAAR;75,5;45;69;45,5;71,5;48;41;57;57;12,78778
138;27/09/2011;2011;9;4;Excl, zone C;WD;ONWAAR;NB;ONWAAR;;0;0;nvt;100;ONWAAR;WAAR;0;0;0;0;0;0;0;0;0;0
139;27/09/2011;2011;9;4;Excl, zone D;WD;WAAR;NB;ONWAAR;;0;0;1-5;90-100;ONWAAR;WAAR;0;2;0;59;62;0;0;0;15;26,07172
140;27/09/2011;2011;9;4;Excl, Centrum;WD;ONWAAR;NB;ONWAAR;;0;0;nvt;100;ONWAAR;ONWAAR;0;0;0;0;0;0;0;0;0;0
141;27/09/2011;2011;9;4;Begraasd, A;WD;WAAR;B;ONWAAR;;20,5;8;1-5;90-100;ONWAAR;WAAR;2;3;0;0;0;0;0;0;1;1,111024
142;27/09/2011;2011;9;4;Begraasd, B;WD;ONWAAR;B;ONWAAR;;10,7;92;nvt;100;ONWAAR;WAAR;0;0;0;0;0;0;0;0;0;0
143;27/09/2011;2011;9;4;Begraasd, C;WD;WAAR;B;ONWAAR;;16;173;nvt;90-100;ONWAAR;WAAR;4,5;2;0;0;0;0;0;0;1;1,539836
144;27/09/2011;2011;9;4;Begraasd, D;WD;ONWAAR;B;ONWAAR;;12;286;nvt;100;ONWAAR;WAAR;0;0;0;0;0;0;0;0;0;0
145;27/09/2011;2011;9;5;Excl, zone A;LV;WAAR;NB;ONWAAR;;0;0;5-10;70-80;ONWAAR;WAAR;63;0;68;78;0;44;0;61;39;31,64155
146;27/09/2011;2011;9;5;Excl, zone B;LV;WAAR;NB;ONWAAR;;0;0;nvt;90-100;ONWAAR;WAAR;0;35;26,5;0;41;72;0;0;22;24,9649
147;27/09/2011;2011;9;5;Excl, zone C;LV;WAAR;NB;ONWAAR;;0;0;nvt;90-100;ONWAAR;WAAR;2,5;0;0;0;0;0;0;0;0;0,8267973
148;27/09/2011;2011;9;5;Excl, zone D;LV;ONWAAR;NB;ONWAAR;;0;0;nvt;100;ONWAAR;WAAR;0;0;0;0;0;0;0;0;0;0
149;27/09/2011;2011;9;5;Excl, Centrum;LV;WAAR;NB;ONWAAR;;0;0;nvt;80-90;ONWAAR;ONWAAR;40;56;5;6,5;5,5;60,5;66;38;35;24,15566
150;27/09/2011;2011;9;5;Begraasd, A;LV;WAAR;B;ONWAAR;;13;86;5-10;70-80;ONWAAR;WAAR;85;100;80;95;96;12;105;21;74;34,22627
151;27/09/2011;2011;9;5;Begraasd, B;LV;WAAR;B;ONWAAR;;15,5;182;< 1;90-100;ONWAAR;WAAR;0;4;7;4,5;47;25;4;32;15;16,01842
152;27/09/2011;2011;9;5;Begraasd, C;LV;WAAR;B;ONWAAR;;12,8;282;1-5;70-80;ONWAAR;WAAR;4,5;1,5;2,5;2,5;4;6;4;4;4;1,316957
153;27/09/2011;2011;9;5;Begraasd, D;LV;WAAR;B;ONWAAR;;16,9;10;10-20;70-80;ONWAAR;WAAR;101;114;75;116;22;9;47,5;3;61;43,87656
154;27/09/2011;2011;9;6;Excl, zone A;LV;WAAR;NB;ONWAAR;;0;0;1-5;80-90;ONWAAR;WAAR;45;0;0;14;7;51;7;27;19;18,70453
155;27/09/2011;2011;9;6;Excl, zone B;LV;WAAR;NB;ONWAAR;;0;0;10-20;60-70;ONWAAR;WAAR;85;73;69;66;83;0;52;70;62;25,40546
156;27/09/2011;2011;9;6;Excl, zone C;LV;WAAR;NB;ONWAAR;;0;0;1-5;40-50;ONWAAR;WAAR;1,5;112;68;97;95;81;8;82;68;38,55713
157;27/09/2011;2011;9;6;Excl, zone D;LV;WAAR;NB;ONWAAR;;0;0;1-5;70-80;ONWAAR;WAAR;3;40,5;50;100;7;2;105;94;50;41,70277
158;27/09/2011;2011;9;6;Excl, Centrum;LV;WAAR;NB;ONWAAR;;0;0;10-20;60-70;ONWAAR;ONWAAR;23;54;12;61;22;11;10;17;26;18,67987
159;27/09/2011;2011;9;6;Begraasd, A;LV;WAAR;B;ONWAAR;;18,2;318;1-5;70-80;ONWAAR;WAAR;38;1,5;56,5;64;34;56;4,5;64;40;23,61797
160;27/09/2011;2011;9;6;Begraasd, B;LV;WAAR;B;ONWAAR;;10,6;30;1-5;70-80;ONWAAR;WAAR;3;23;3;4;3;22;1,5;36;12;12,31979
161;27/09/2011;2011;9;6;Begraasd, C;LV;WAAR;B;ONWAAR;;8,4;105;< 1;;ONWAAR;WAAR;42;6;24;9;29;34;18;21;23;11,36263
162;27/09/2011;2011;9;6;Begraasd, D;LV;WAAR;B;ONWAAR;;23;150;5-10;50-60;ONWAAR;WAAR;47;60;62;39;75;19;48;51,5;50;15,67629
163;7/06/2012;2012;6;6;Excl, Centrum;LV;WAAR;NB;ONWAAR;;0;0;50-60;< 1;WAAR;ONWAAR;0;19;20;4;29;12;16;21;;8,866193
164;7/06/2012;2012;6;6;Excl, zone D;LV;WAAR;NB;ONWAAR;;0;0;50-60;1-5;ONWAAR;ONWAAR;0;2;5;16;0;20;18;2;;8,037995
165;7/06/2012;2012;6;6;Excl, zone C;LV;WAAR;NB;ONWAAR;;0;0;40-50;1-5;WAAR;ONWAAR;33;3;10;22;2;20;32;30;;11,84272
166;7/06/2012;2012;6;6;Excl, zone A;LV;WAAR;NB;ONWAAR;;0;0;30-40;1-5;WAAR;ONWAAR;32;24;32;16;30;26;30;25;;5,035809
167;7/06/2012;2012;6;6;Excl, zone B;LV;WAAR;NB;ONWAAR;;0;0;20-30;< 1;WAAR;ONWAAR;20;23;24;29;19;29;21;17;;4,145781
168;7/06/2012;2012;6;6;Begraasd, A;LV;WAAR;B;ONWAAR;;20;162;30-40;30-40;ONWAAR;ONWAAR;0;3;7;16;11;8;1;2;;5,196152
169;7/06/2012;2012;6;6;Begraasd, B;LV;WAAR;B;ONWAAR;;15;176;20-30;10-20;ONWAAR;ONWAAR;17;14;7;12;10;17;13;0;;5,285594
170;7/06/2012;2012;6;6;Begraasd, C;LV;WAAR;B;ONWAAR;;16;260;30-40;40-50;ONWAAR;ONWAAR;2;3;0;3;0;0;4;0;;1,581139
171;7/06/2012;2012;6;6;Begraasd, D;LV;WAAR;B;ONWAAR;;23;328;30-40;< 1;WAAR;ONWAAR;32;30;25;10;32;25;0;16;;10,84839
172;7/06/2012;2012;6;5;Excl, Centrum;LV;WAAR;NB;ONWAAR;;0;0;60-70;< 1;ONWAAR;ONWAAR;0;15;17;0;23;24;0;12;;9,538573
173;7/06/2012;2012;6;5;Excl, zone A;LV;WAAR;NB;ONWAAR;;0;0;5-10;80-90;ONWAAR;ONWAAR;0;0;15;6;20;7;11;0;;7,034513
174;7/06/2012;2012;6;5;Excl, zone B;LV;WAAR;NB;ONWAAR;;0;0;< 1;90-100;ONWAAR;ONWAAR;0;15;11;11;20;22;0;16;;7,736884
175;7/06/2012;2012;6;5;Excl, zone C;LV;WAAR;NB;ONWAAR;;0;0;90-100;;ONWAAR;ONWAAR;0;7;21;35;18;0;30;22;;12,3079
176;7/06/2012;2012;6;5;Excl, zone D;LV;WAAR;NB;ONWAAR;;0;0;90-100;;ONWAAR;ONWAAR;25;0;4;0;16;23;45;9;;14,45467
177;7/06/2012;2012;6;5;Begraasd, A;LV;ONWAAR;B;ONWAAR;;14;76;;100;ONWAAR;ONWAAR;0;0;0;0;0;0;0;0;;0
178;7/06/2012;2012;6;5;Begraasd, B;LV;WAAR;B;ONWAAR;;12;145;1-5;90-100;ONWAAR;ONWAAR;0;0;0;0;0;0;0;0;;0
179;7/06/2012;2012;6;5;Begraasd, C;LV;WAAR;B;ONWAAR;;11;274;50-60;20-30;ONWAAR;ONWAAR;26;4;23;0;13;0;22;23;;10,38554
180;7/06/2012;2012;6;5;Begraasd, D;LV;WAAR;B;ONWAAR;;17;348;20-30;60-70;ONWAAR;ONWAAR;0;12;0;12;11;7;5;2;;4,833154
181;7/06/2012;2012;6;4;Excl, Centrum;WD;ONWAAR;NB;ONWAAR;;0;0;1-5;90-100;ONWAAR;ONWAAR;3;0;0;0;0;0;0;0;;0,9921567
182;7/06/2012;2012;6;4;Excl, zone C;WD;ONWAAR;NB;ONWAAR;;0;0;1-5;;ONWAAR;ONWAAR;13;0;0;0;0;0;0;0;;4,299346
183;7/06/2012;2012;6;4;Excl, zone D;WD;ONWAAR;NB;ONWAAR;;0;0;1-5;;ONWAAR;ONWAAR;2;1;2;0;0;0;0;0;;0,8569568
184;7/06/2012;2012;6;4;Excl, zone A;WD;WAAR;NB;ONWAAR;;0;0;5-10;60-70;ONWAAR;ONWAAR;14;4;20;37;36;40;6;14;;13,48089
185;7/06/2012;2012;6;4;Excl, zone B;WD;WAAR;NB;ONWAAR;;0;0;1-5;90-100;ONWAAR;ONWAAR;0;0;0;0;0;0;0;0;;0
186;7/06/2012;2012;6;4;Begraasd, B;WD;WAAR;B;ONWAAR;;13;263;5-10;90-100;ONWAAR;ONWAAR;0;0;0;0;0;0;0;0;;0
187;7/06/2012;2012;6;4;Begraasd, A;WD;WAAR;B;ONWAAR;;11;174;10-20;80-90;ONWAAR;ONWAAR;0;0;0;0;0;0;0;0;;0
188;7/06/2012;2012;6;4;Begraasd, D;WD;ONWAAR;B;ONWAAR;;0;0;70-80;20-30;ONWAAR;ONWAAR;1,5;1;3;2;0;0;0;0;;1,073473
189;7/06/2012;2012;6;4;Begraasd, C;WD;WAAR;B;ONWAAR;;11;4;60-70;30-40;ONWAAR;ONWAAR;2;1;1,5;1;1,5;2;0;0;;0,73951
190;7/06/2012;2012;6;2;Excl, Centrum;GB;WAAR;NB;ONWAAR;;0;0;90-100;< 1;WAAR;ONWAAR;40;52;44;20;46;32;35;20;;10,98223
191;7/06/2012;2012;6;2;Excl, zone A;GB;ONWAAR;NB;ONWAAR;;0;0;90-100;< 1;WAAR;ONWAAR;37;8;28;39;22;36;29;48;;11,38461
192;7/06/2012;2012;6;2;Excl, zone B;GB;WAAR;NB;ONWAAR;;0;0;70-80;< 1;WAAR;ONWAAR;60;45;13;8;32;18;40;26;;16,43738
193;7/06/2012;2012;6;2;Excl, zone C;GB;WAAR;NB;ONWAAR;;0;0;40-50;5-10;ONWAAR;ONWAAR;43;36;29;2;32;58;39;24;;15,11983
194;7/06/2012;2012;6;2;Excl, zone D;GB;WAAR;NB;ONWAAR;;0;0;60-70;< 1;WAAR;ONWAAR;40;44;28;29;46;32;48;47;;7,822244
195;7/06/2012;2012;6;2;Begraasd, C;GB;WAAR;B;ONWAAR;;14;308;40-50;< 1;WAAR;ONWAAR;16;14;10;26;2;13;12;8;;6,460215
196;7/06/2012;2012;6;2;Begraasd, D;GB;WAAR;B;ONWAAR;;10,5;52;20-30;20-30;ONWAAR;ONWAAR;14;17;27;35;14;4;26;6;;10,04288
197;7/06/2012;2012;6;2;Begraasd, A;GB;WAAR;B;ONWAAR;;6,5;140;40-50;< 1;WAAR;ONWAAR;8;25;37;26;2;12;29;46;;13,96816
198;7/06/2012;2012;6;2;Begraasd, B;GB;WAAR;B;ONWAAR;;9;232;;70-80;ONWAAR;ONWAAR;5;0;4;2;8;7;0;13;;4,136348
199;7/06/2012;2012;6;3;Excl, Centrum;WD;WAAR;NB;ONWAAR;;0;0;80-90;5-10;ONWAAR;ONWAAR;1;2;1;0;34;30;9;2;;13,07132
200;7/06/2012;2012;6;3;Excl, zone A;WD;WAAR;NB;ONWAAR;;0;0;1-5;90-100;ONWAAR;ONWAAR;2;0;1,5;0;0;3;0;0;;1,116286
201;7/06/2012;2012;6;3;Excl, zone B;WD;WAAR;NB;ONWAAR;;0;0;60-70;30-40;ONWAAR;ONWAAR;2;0;3;0;7;0;0;0;;2,345208
202;7/06/2012;2012;6;3;Excl, zone C;WD;WAAR;NB;ONWAAR;;0;0;30-40;;ONWAAR;ONWAAR;2;0;6;2;1;0;17;4;;5,267827
203;7/06/2012;2012;6;3;Excl, zone D;WD;ONWAAR;NB;ONWAAR;;0;0;1-5;90-100;ONWAAR;ONWAAR;12;0;1;2;4;19;3;7;;6,082763
204;7/06/2012;2012;6;3;Begraasd, C;WD;WAAR;B;ONWAAR;;11;14;5-10;60-70;ONWAAR;ONWAAR;5;0;4;14;17;0;2;19;;7,296189
205;7/06/2012;2012;6;3;Begraasd, D;WD;WAAR;B;ONWAAR;;10;100;60-70;1-5;ONWAAR;ONWAAR;13;22;1;31;23;0;24;17;;10,39155
206;7/06/2012;2012;6;3;Begraasd, A;WD;WAAR;B;ONWAAR;;12,5;190;60-70;30-40;ONWAAR;ONWAAR;0;0;4;3;3;3;0;2;;1,536026
207;7/06/2012;2012;6;3;Begraasd, B;WD;WAAR;B;ONWAAR;;15;244;50-60;;ONWAAR;ONWAAR;16;17;16;5;18;17;11;4;;5,291502
208;7/06/2012;2012;6;1;Excl, Centrum;GB;ONWAAR;NB;ONWAAR;;0;0;100;nvt;ONWAAR;ONWAAR;17;23;26;12;20;15;18;17;;4,15
209;7/06/2012;2012;6;1;Excl, zone A;GB;WAAR;NB;ONWAAR;;0;0;90-100;nvt;ONWAAR;ONWAAR;33;34;27;21;19;29;27;12;;6,977643
210;7/06/2012;2012;6;1;Excl, zone B;GB;WAAR;NB;ONWAAR;;0;0;80-90;nvt;ONWAAR;ONWAAR;30;16;37;34;30;26;7;14;;9,984363
211;7/06/2012;2012;6;1;Excl, zone C;GB;WAAR;NB;ONWAAR;;0;0;90-100;nvt;ONWAAR;ONWAAR;24;27;26;15;23;22;25;19;;3,705992
212;7/06/2012;2012;6;1;Excl, zone D;GB;WAAR;NB;ONWAAR;;0;0;90-100;nvt;ONWAAR;ONWAAR;24;24;25;11;26;16;29;16;;5,829612
213;7/06/2012;2012;6;1;Begraasd, C;GB;WAAR;B;ONWAAR;;7;324;90-100;nvt;ONWAAR;ONWAAR;13;19;20;17;18;9;18;7;;4,567206
214;7/06/2012;2012;6;1;Begraasd, B;GB;WAAR;B;ONWAAR;;6;240;90-100;nvt;ONWAAR;ONWAAR;12;11;2;9;6;11;3;8;;3,526684
215;7/06/2012;2012;6;1;Begraasd, A;GB;WAAR;B;ONWAAR;;7;162;90-100;nvt;ONWAAR;ONWAAR;18;15;12;24;8;5;26;3;;7,928391
216;7/06/2012;2012;6;1;Begraasd, D;GB;WAAR;B;ONWAAR;;6;36;80-90;nvt;ONWAAR;ONWAAR;6;12;11;13;21;44;18;46;;14,28231
217;17/06/2013;2013;6;6;Excl, Centrum;LV;WAAR;NB;ONWAAR;;0;0;10-20;60-70;ONWAAR;ONWAAR;9;32;8;17;12;17;22;31;;8,645808
218;30/07/2012;2012;8;2;Excl, Centrum;GB;WAAR;NB;ONWAAR;;0;0;90-100;< 1;ONWAAR;ONWAAR;33;26;25;22;44;38;17;22;;8,557709
218;17/06/2013;2013;6;6;Excl, zone A;LV;WAAR;NB;ONWAAR;;0;0;5-10;1-5;ONWAAR;ONWAAR;41;46;55;52;13;40;45;55;;12,71748
219;30/07/2012;2012;8;2;Excl, zone A;GB;WAAR;NB;ONWAAR;;0;0;20-30;< 1;WAAR;ONWAAR;72;28;32;53;36;47;30;25;;14,95775
219;17/06/2013;2013;6;6;Excl, zone B;LV;WAAR;NB;ONWAAR;;0;0;50-60;< 1;ONWAAR;ONWAAR;27;44;46;36;37;12;21;40;;11,09547
220;30/07/2012;2012;8;2;Excl, zone B;GB;WAAR;NB;ONWAAR;;0;0;10-20;nvt;WAAR;ONWAAR;97;100;50;41;52;34;44;57;;23,53687
220;17/06/2013;2013;6;6;Excl, zone C;LV;WAAR;NB;ONWAAR;;0;0;50-60;nvt;ONWAAR;ONWAAR;25;21;26;19;30;23;25;17;;3,897114
221;30/07/2012;2012;8;2;Excl, zone C;GB;WAAR;NB;ONWAAR;;0;0;60-70;nvt;ONWAAR;ONWAAR;90;89;53;75;77;47;93;97;;17,48526
221;17/06/2013;2013;6;6;Excl, zone D;LV;WAAR;NB;ONWAAR;;0;0;80-90;nvt;ONWAAR;ONWAAR;57;33;37;30;32;15;32;31;;10,78121
222;30/07/2012;2012;8;2;Excl, zone D;GB;WAAR;NB;ONWAAR;;0;0;1-5;1-5;ONWAAR;ONWAAR;93;49;20;46;60;104;58;42;;25,64664
222;17/06/2013;2013;6;6;Begraasd, C;LV;WAAR;B;ONWAAR;;20,2;294;60-70;1-5;ONWAAR;ONWAAR;25;30;17;12;3;6;25;18;;8,944272
223;30/07/2012;2012;8;2;Begraasd, A;GB;WAAR;B;ONWAAR;;11,1;91;80-90;;ONWAAR;ONWAAR;45;30;18;17;26;28;31;22;;8,343224
223;17/06/2013;2013;6;6;Begraasd, A;LV;WAAR;B;ONWAAR;;24,4;166;60-70;nvt;ONWAAR;ONWAAR;16;5;4;7;4;8;13;12;;4,240799
224;30/07/2012;2012;8;2;Begraasd, B;GB;WAAR;B;ONWAAR;;10,7;350;30-40;50-60;WAAR;ONWAAR;53;25;37;21;10;56;7;8;;18,39455
224;17/06/2013;2013;6;6;Begraasd, B;LV;WAAR;B;ONWAAR;;16,45;206;70-80;;ONWAAR;ONWAAR;17;15;9;16;15;21;9;3;;5,348773
225;30/07/2012;2012;8;2;Begraasd, C;GB;WAAR;B;ONWAAR;;13,7;250;20-30;5-10;ONWAAR;ONWAAR;31;12;19;15;7;9;11;19;;7,175261
225;17/06/2013;2013;6;6;Begraasd, D;LV;WAAR;B;ONWAAR;;23,7;334;80-90;nvt;ONWAAR;ONWAAR;15;11;4;4;8;7;8;13;;3,733296
226;30/07/2012;2012;8;2;Begraasd, D;GB;WAAR;B;ONWAAR;;9,8;320;5-10;5-10;ONWAAR;ONWAAR;19;28;15;16;23;34;24;13;;6,689544
226;17/06/2013;2013;6;5;Excl, Centrum;LV;WAAR;NB;ONWAAR;;0;0;90-100;nvt;WAAR;ONWAAR;20;9;12;10;12;8;6;10;;3,919104
227;30/07/2012;2012;8;1;Excl, Centrum;GB;WAAR;NB;ONWAAR;;0;0;90-100;nvt;ONWAAR;ONWAAR;20;14;21;18;7;14;11;8;;4,935522
227;17/06/2013;2013;6;5;Excl, zone A;LV;WAAR;NB;ONWAAR;;0;0;80-90;5-10;WAAR;ONWAAR;12;17;24;9;4;2;12;1;;7,372881
228;30/07/2012;2012;8;1;Excl, zone A;GB;WAAR;NB;ONWAAR;;0;0;90-100;1-5;ONWAAR;ONWAAR;50;15;48;59;48;14;49;38;;15,71176
228;17/06/2013;2013;6;5;Excl, zone B;LV;WAAR;NB;ONWAAR;;0;0;50-60;1-5;WAAR;ONWAAR;16;78;22;45;27;5;10;13;;22,4722
229;30/07/2012;2012;8;1;Excl, zone B;GB;WAAR;NB;ONWAAR;;0;0;90-100;1-5;ONWAAR;ONWAAR;67;52;45;26;18;49;58;15;;18,01215
229;17/06/2013;2013;6;5;Excl, zone C;LV;ONWAAR;NB;ONWAAR;;0;0;60-70;nvt;ONWAAR;ONWAAR;5;47;52;45;13;3;9;5;;20,13043
230;30/07/2012;2012;8;1;Excl, zone C;GB;WAAR;NB;ONWAAR;;0;0;90-100;1-5;ONWAAR;ONWAAR;42;46;53;34;60;63;7;38;;16,58642
230;17/06/2013;2013;6;5;Excl, zone D;LV;WAAR;NB;ONWAAR;;0;0;80-90;nvt;WAAR;ONWAAR;32;65;69;14;53;63;32;20;;20,21757
231;30/07/2012;2012;8;1;Excl, zone D;GB;WAAR;NB;ONWAAR;;0;0;90-100;nvt;ONWAAR;ONWAAR;69;64;20;63;72;64;60;14;;21,2647
231;17/06/2013;2013;6;5;Begraasd, A;LV;WAAR;B;ONWAAR;;30;82;40-50;30-40;ONWAAR;ONWAAR;4;4;5;4;9;7;6;8;;1,83286
232;30/07/2012;2012;8;1;Begraasd, A;GB;WAAR;B;ONWAAR;;9,6;124;30-40;20-30;ONWAAR;ONWAAR;3;3;12;46;32;39;26;10;;15,58796
232;17/06/2013;2013;6;5;Begraasd, B;LV;ONWAAR;B;ONWAAR;;16;166;40-50;1-5;ONWAAR;ONWAAR;43;26;12;7;13;29;9;39;;13,08386
233;30/07/2012;2012;8;1;Begraasd, B;GB;WAAR;B;ONWAAR;;11,4;190;90-100;< 1;ONWAAR;ONWAAR;76;5;7;17;9;20;51;9;;23,97264
233;17/06/2013;2013;6;5;Begraasd, C;LV;WAAR;B;ONWAAR;;13;275;50-60;30-40;ONWAAR;ONWAAR;14;20;11;6;4;6;25;14;;6,855655
234;30/07/2012;2012;8;1;Begraasd, C;GB;WAAR;B;ONWAAR;;9,1;132;80-90;nvt;ONWAAR;ONWAAR;0;0;0;0;0;0;0;0;;0
234;17/06/2013;2013;6;5;Begraasd, D;LV;WAAR;B;ONWAAR;;14,5;338;60-70;5-10;ONWAAR;ONWAAR;15;8;4;8;16;17;9;8;;4,414111
235;30/07/2012;2012;8;1;Begraasd, D;GB;WAAR;B;ONWAAR;;6,7;62;80-90;5-10;ONWAAR;ONWAAR;40;51;49;28;6;45;25;5;;17,12774
235;17/06/2013;2013;6;4;Excl, Centrum;WD;WAAR;NB;ONWAAR;;0;0;50-60;30-40;ONWAAR;ONWAAR;4;6;2;10;5;3;1;9;;3
236;17/06/2013;2013;6;4;Excl, zone A;WD;WAAR;NB;ONWAAR;;0;0;60-70;20-30;ONWAAR;ONWAAR;3;11;2;13;9;6;3;6;;3,772847
236;30/07/2012;2012;8;6;Excl, Centrum;LV;WAAR;NB;ONWAAR;;0;0;60-70;nvt;ONWAAR;ONWAAR;21;16;20;10;3;4;14;5;;6,72565
237;17/06/2013;2013;6;4;Excl, zone B;WD;WAAR;NB;ONWAAR;;0;0;70-80;5-10;ONWAAR;ONWAAR;25;16;18;9;8;14;4;21;;6,613197
237;30/07/2012;2012;8;6;Excl, zone A;LV;WAAR;NB;ONWAAR;;0;0;90-100;nvt;ONWAAR;ONWAAR;64;5;17;13;1;7;6;4;;19,26744
238;17/06/2013;2013;6;4;Excl, zone C;WD;WAAR;NB;ONWAAR;;0;0;10-20;70-80;ONWAAR;ONWAAR;3;0;0;0;0;0;0;0;;0,9921567
238;30/07/2012;2012;8;6;Excl, zone B;LV;WAAR;NB;ONWAAR;;0;0;10-20;nvt;ONWAAR;ONWAAR;83;23;90;110;73;106;84;72;;25,1567
239;17/06/2013;2013;6;4;Excl, zone D;WD;ONWAAR;NB;ONWAAR;;0;0;90-100;1-5;ONWAAR;ONWAAR;8;20;13;5;15;8;5;2;;5,634714
239;30/07/2012;2012;8;6;Excl, zone C;LV;WAAR;NB;ONWAAR;;0;0;50-60;nvt;ONWAAR;ONWAAR;25;84;63;34;82;34;48;76;;22,08365
240;17/06/2013;2013;6;4;Begraasd, A;WD;ONWAAR;B;ONWAAR;;9,6;190;70-80;20-30;ONWAAR;ONWAAR;0;0;0;0;0;0;0;0;;0
240;30/07/2012;2012;8;6;Excl, zone D;LV;WAAR;NB;ONWAAR;;0;0;40-50;1-5;ONWAAR;ONWAAR;30;44;84;17;14;28;26;82;;25,87923
241;17/06/2013;2013;6;4;Begraasd, B;WD;WAAR;B;ONWAAR;;13,2;256;40-50;40-50;ONWAAR;ONWAAR;5;2;7;3;0;0;0;0;;2,52178
241;30/07/2012;2012;8;6;Begraasd, D;LV;WAAR;B;ONWAAR;;20,63;338;80-90;;ONWAAR;ONWAAR;66;34;5;4;6;3;69;47;;26,74766
242;17/06/2013;2013;6;4;Begraasd, C;WD;WAAR;B;ONWAAR;;9;353;40-50;30-40;ONWAAR;ONWAAR;2;4;7;5;0;0;0;0;;2,58602
242;30/07/2012;2012;8;6;Begraasd, C;LV;WAAR;B;ONWAAR;;10,6;302;30-40;nvt;ONWAAR;ONWAAR;40;64;22;16;17;60;66;15;;21,37756
243;17/06/2013;2013;6;4;Begraasd, D;WD;WAAR;B;ONWAAR;;11;69;30-40;1-5;ONWAAR;ONWAAR;6;8;6;11;25;16;8;26;;7,693341
243;30/07/2012;2012;8;6;Begraasd, B;LV;WAAR;B;ONWAAR;;10,63;208;40-50;20-30;ONWAAR;ONWAAR;4;8;11;60;87;16;10;3;;29,12232
244;17/06/2013;2013;6;3;Excl, Centrum;WD;WAAR;NB;ONWAAR;;0;0;80-90;1-5;ONWAAR;ONWAAR;2;3;5;4;3;6;4;5;;1,224745
244;30/07/2012;2012;8;6;Begraasd, A;LV;WAAR;B;ONWAAR;;20,9;158;90-100;nvt;ONWAAR;ONWAAR;4;2;3;3;2;2;4;3;;0,7806247
245;17/06/2013;2013;6;3;Excl, zone A;WD;WAAR;NB;ONWAAR;;0;0;50-60;30-40;ONWAAR;ONWAAR;13;7;12;14;5;17;12;76;;21,65063
245;30/07/2012;2012;8;5;Excl, Centrum;LV;WAAR;NB;ONWAAR;;0;0;90-100;1-5;ONWAAR;ONWAAR;26;34;16;32;17;20;18;32;;7,034513
246;17/06/2013;2013;6;3;Excl, zone B;WD;WAAR;NB;ONWAAR;;0;0;70-80;1-5;ONWAAR;ONWAAR;15;3;22;17;9;8;25;13;;6,873864
246;30/07/2012;2012;8;5;Excl, zone A;LV;WAAR;NB;ONWAAR;;0;0;1-5;90-100;ONWAAR;ONWAAR;4;12;13;0;0;0;2;0;;5,158428
247;17/06/2013;2013;6;3;Excl, zone C;WD;WAAR;NB;ONWAAR;;0;0;80-90;nvt;ONWAAR;ONWAAR;10;11;44;10;6;3;6;7;;12,30282
247;30/07/2012;2012;8;5;Excl, zone B;LV;ONWAAR;NB;ONWAAR;;0;0;1-5;90-100;ONWAAR;ONWAAR;0;0;0;0;0;0;0;0;;0
248;17/06/2013;2013;6;3;Excl, zone D;WD;WAAR;NB;ONWAAR;;0;0;80-90;< 1;ONWAAR;ONWAAR;9;10;2;4;9;3;7;3;;3,018174
248;30/07/2012;2012;8;5;Excl, zone C;LV;WAAR;NB;ONWAAR;;0;0;20-30;1-5;WAAR;ONWAAR;120;103;95;90;35;37;46;22;;34,98214
249;17/06/2013;2013;6;3;Begraasd, A;WD;WAAR;B;ONWAAR;;12;167;50-60;10-20;ONWAAR;ONWAAR;13;3;5;5;7;5;14;4;;3,905125
249;30/07/2012;2012;8;5;Excl, zone D;LV;WAAR;NB;ONWAAR;;0;0;90-100;< 1;ONWAAR;ONWAAR;113;66;57;25;42;21;17;15;;31,37674
250;17/06/2013;2013;6;3;Begraasd, B;WD;WAAR;B;ONWAAR;;16,5;256;20-30;50-60;ONWAAR;ONWAAR;4;5;15;53;5;24;7;3;;16,01562
250;30/07/2012;2012;8;5;Begraasd, A;LV;WAAR;B;ONWAAR;;15,64;72;30-40;1-5;ONWAAR;ONWAAR;34;6;9;41;45;6;35;27;;15,0743
251;17/06/2013;2013;6;3;Begraasd, C;WD;WAAR;B;ONWAAR;;15;18;10-20;70-80;ONWAAR;ONWAAR;2;3;10;4;3;4;2;3;;2,420614
251;30/07/2012;2012;8;5;Begraasd, B;LV;WAAR;B;ONWAAR;;13,42;142;1-5;90-100;ONWAAR;ONWAAR;0;0;0;0;0;0;0;0;;0
252;17/06/2013;2013;6;3;Begraasd, D;WD;WAAR;B;ONWAAR;;9;75;80-90;1-5;ONWAAR;ONWAAR;14;20;8;6;13;15;5;2;;5,677533
252;30/07/2012;2012;8;5;Begraasd, C;LV;WAAR;B;ONWAAR;;16,8;270;60-70;nvt;WAAR;ONWAAR;10;16;64;103;6;10;26;43;;31,74409
253;17/06/2013;2013;6;1;Excl, Centrum;GB;WAAR;NB;ONWAAR;;0;0;100;nvt;ONWAAR;ONWAAR;30;18;22;26;38;3;5;4;;12,31615
253;30/07/2012;2012;8;5;Begraasd, D;LV;WAAR;B;ONWAAR;;21,18;178;1-5;90-100;ONWAAR;ONWAAR;2;3;0;2;2;0;0;0;;1,165922
254;17/06/2013;2013;6;1;Excl, zone A;GB;WAAR;NB;ONWAAR;;0;0;100;nvt;ONWAAR;ONWAAR;32;38;45;28;6;15;32;34;;11,75532
254;30/07/2012;2012;8;3;Excl, Centrum;WD;WAAR;NB;ONWAAR;;0;0;90-100;< 1;ONWAAR;ONWAAR;1;2;4;0;2;0;0;0;;1,363589
255;17/06/2013;2013;6;1;Excl, zone B;GB;WAAR;NB;ONWAAR;;0;0;100;nvt;ONWAAR;ONWAAR;6;2;3;7;4;5;4;6;;1,57619
255;30/07/2012;2012;8;3;Excl, zone A;WD;WAAR;NB;ONWAAR;;0;0;5-10;80-90;ONWAAR;ONWAAR;30;11;22;21;15;26;12;4;;8,07678
256;17/06/2013;2013;6;1;Excl, zone C;GB;WAAR;NB;ONWAAR;;0;0;100;nvt;ONWAAR;ONWAAR;33;40;42;26;20;23;22;24;;7,949057
256;30/07/2012;2012;8;3;Excl, zone B;WD;WAAR;NB;ONWAAR;;0;0;30-40;1-5;WAAR;ONWAAR;110;105;90;32;86;16;35;87;;34,1959
257;17/06/2013;2013;6;1;Excl, zone D;GB;WAAR;NB;ONWAAR;;0;0;100;nvt;ONWAAR;ONWAAR;8;20;24;40;21;23;20;19;;8,23768
257;30/07/2012;2012;8;3;Excl, zone C;WD;WAAR;NB;ONWAAR;;0;0;90-100;nvt;ONWAAR;ONWAAR;6;28;5;43;34;26;7;12;;13,5963
258;17/06/2013;2013;6;1;Begraasd, A;GB;WAAR;B;ONWAAR;;5,5;150;90-100;nvt;ONWAAR;ONWAAR;18;12;15;17;22;29;7;21;;6,243747
258;30/07/2012;2012;8;3;Excl, zone D;WD;WAAR;NB;ONWAAR;;0;0;90-100;nvt;ONWAAR;ONWAAR;42;18;20;19;10;2;3;9;;11,99935
259;17/06/2013;2013;6;1;Begraasd, B;GB;WAAR;B;ONWAAR;;8;281;60-70;nvt;ONWAAR;ONWAAR;15;12;21;8;22;12;19;14;;4,580871
259;30/07/2012;2012;8;3;Begraasd, A;WD;WAAR;B;ONWAAR;;11,2;184;40-50;30-40;ONWAAR;ONWAAR;6;23;4;3;3;6;64;10;;19,5604
260;17/06/2013;2013;6;1;Begraasd, C;GB;WAAR;B;ONWAAR;;8;341;50-60;nvt;ONWAAR;ONWAAR;15;19;9;14;8;10;15;22;;4,582576
260;30/07/2012;2012;8;3;Begraasd, B;WD;WAAR;B;ONWAAR;;9,1;276;30-40;10-20;ONWAAR;ONWAAR;40;6;39;44;53;6;38;40;;16,34587
261;17/06/2013;2013;6;1;Begraasd, D;GB;WAAR;B;ONWAAR;;11,5;74;90-100;nvt;ONWAAR;ONWAAR;30;12;26;9;6;10;14;28;;8,936407
261;30/07/2012;2012;8;3;Begraasd, C;WD;WAAR;B;ONWAAR;;11,7;354;10-20;5-10;WAAR;ONWAAR;8;76;56;17;52;54;51;20;;22,19657
262;17/06/2013;2013;6;2;Excl, Centrum;GB;WAAR;NB;ONWAAR;;0;0;100;nvt;ONWAAR;ONWAAR;35;25;26;6;15;7;14;10;;9,692136
262;30/07/2012;2012;8;3;Begraasd, D;WD;WAAR;B;ONWAAR;;11,5;76;90-100;1-5;ONWAAR;ONWAAR;2;3;2;4;2;6;1;3;;1,452369
263;17/06/2013;2013;6;2;Excl, zone A;GB;ONWAAR;NB;ONWAAR;;0;0;10-20;nvt;ONWAAR;ONWAAR;39;42;34;26;19;18;40;41;;9,339934
263;30/07/2012;2012;8;4;Excl, Centrum;WD;WAAR;NB;ONWAAR;;0;0;1-5;90-100;ONWAAR;ONWAAR;2;5;10;9;5;4;3;4;;2,633914
264;17/06/2013;2013;6;2;Excl, zone B;GB;WAAR;NB;ONWAAR;;0;0;90-100;nvt;ONWAAR;ONWAAR;24;26;32;21;6;10;7;18;;8,902246
264;30/07/2012;2012;8;4;Excl, zone A;WD;WAAR;NB;ONWAAR;;0;0;90-100;nvt;ONWAAR;ONWAAR;14;6;8;11;9;5;10;9;;2,645751
265;17/06/2013;2013;6;2;Excl, zone C;GB;WAAR;NB;ONWAAR;;0;0;90-100;nvt;ONWAAR;ONWAAR;42;30;32;36;31;34;12;31;;8,046739
265;30/07/2012;2012;8;4;Excl, zone B;WD;ONWAAR;NB;ONWAAR;;0;0;5-10;90-100;ONWAAR;ONWAAR;0;0;0;0;0;0;0;0;;0
266;17/06/2013;2013;6;2;Excl, zone D;GB;WAAR;NB;ONWAAR;;0;0;90-100;nvt;ONWAAR;ONWAAR;40;36;22;28;41;23;32;16;;8,466847
266;30/07/2012;2012;8;4;Excl, zone C;WD;WAAR;NB;ONWAAR;;0;0;1-5;90-100;ONWAAR;ONWAAR;2;4;0;0;0;0;0;0;;1,391941
267;17/06/2013;2013;6;2;Begraasd, A;GB;ONWAAR;B;ONWAAR;;10;136;80-90;< 1;ONWAAR;ONWAAR;11;12;14;14;5;5;6;17;;4,330127
267;30/07/2012;2012;8;4;Excl, zone D;WD;WAAR;NB;ONWAAR;;0;0;70-80;20-30;ONWAAR;ONWAAR;0;0;0;0;0;0;0;0;;0
268;17/06/2013;2013;6;2;Begraasd, B;GB;WAAR;B;ONWAAR;;8,5;258;30-40;nvt;ONWAAR;ONWAAR;37;48;17;27;40;21;8;35;;12,42414
268;30/07/2012;2012;8;4;Begraasd, A;WD;WAAR;B;ONWAAR;;8,6;188;20-30;40-50;ONWAAR;ONWAAR;3;2;4;0;0;0;0;0;;1,536026
269;17/06/2013;2013;6;2;Begraasd, C;GB;WAAR;B;ONWAAR;;5,5;335;70-80;nvt;ONWAAR;ONWAAR;0;0;0;0;0;0;0;0;;0
269;30/07/2012;2012;8;4;Begraasd, B;WD;WAAR;B;ONWAAR;;10,72;82;nvt;100;ONWAAR;ONWAAR;3;2;0;0;0;0;0;0;;1,111024
270;17/06/2013;2013;6;2;Begraasd, D;GB;ONWAAR;B;ONWAAR;;6,5;46;20-30;20-30;ONWAAR;ONWAAR;44;20;32;24;24;16;17;21;;8,642193
270;30/07/2012;2012;8;4;Begraasd, C;WD;WAAR;B;ONWAAR;;11,9;8;20-30;70-80;ONWAAR;ONWAAR;2;3;4;3;7;3;2;3;;1,494783
271;30/07/2012;2012;8;4;Begraasd, D;WD;WAAR;B;ONWAAR;;10,3;96;20-30;30-40;WAAR;ONWAAR;6;46;32;27;18;39;30;8;;13,27356
271;30/07/2013;2013;7;6;Excl, Centrum;LV;WAAR;NB;ONWAAR;;0;0;20-30;10-20;ONWAAR;ONWAAR;7;12;14;6;12;5;16;7;;3,854786
272;30/07/2013;2013;7;6;Excl, zone A;LV;ONWAAR;NB;ONWAAR;;0;0;80-90;1-5;WAAR;ONWAAR;20;35;37;16;7;27;36;32;;10,21947
273;3/07/2012;2012;7;1;Excl, Centrum;GB;WAAR;NB;ONWAAR;;0;0;90-100;nvt;ONWAAR;ONWAAR;19;13;4;16;9;10;4;5;;5,291502
273;30/07/2013;2013;7;6;Excl, zone B;LV;WAAR;NB;ONWAAR;;0;0;< 1;5-10;ONWAAR;ONWAAR;114;83;76;70;90;110;100;110;;15,75149
274;3/07/2012;2012;7;1;Excl, zone A;GB;WAAR;NB;ONWAAR;;0;0;90-100;nvt;ONWAAR;ONWAAR;61;55;71;78;66;7;66;54;;20,39455
274;30/07/2013;2013;7;6;Excl, zone C;LV;WAAR;NB;ONWAAR;;0;0;30-40;< 1;ONWAAR;ONWAAR;42;47;53;31;22;46;47;53;;10,16043
275;3/07/2012;2012;7;1;Excl, zone B;GB;WAAR;NB;ONWAAR;;0;0;90-100;nvt;ONWAAR;ONWAAR;55;61;78;66;5;71;5;80;;28,55231
275;30/07/2013;2013;7;6;Excl, zone D;LV;WAAR;NB;ONWAAR;;0;0;10-20;nvt;ONWAAR;ONWAAR;20;23;41;55;24;28;32;31;;10,69755
276;3/07/2012;2012;7;1;Excl, zone C;GB;WAAR;NB;ONWAAR;;0;0;80-90;nvt;ONWAAR;ONWAAR;60;42;43;50;11;7;52;60;;19,3128
276;30/07/2013;2013;7;6;Begraasd, D;LV;WAAR;B;ONWAAR;;23;325;50-60;nvt;ONWAAR;ONWAAR;7;20;40;10;21;22;15;11;;9,717896
277;3/07/2012;2012;7;1;Excl, zone D;GB;WAAR;NB;ONWAAR;;0;0;90-100;nvt;ONWAAR;ONWAAR;44;75;71;15;53;57;62;65;;17,79572
277;30/07/2013;2013;7;6;Begraasd, C;LV;WAAR;B;ONWAAR;;18,5;308;20-30;20-30;ONWAAR;ONWAAR;8;7;7;6;7;42;54;43;;19,33746
278;3/07/2012;2012;7;1;Begraasd, A;GB;WAAR;B;ONWAAR;foto 5966;0;0;70-80;< 1;ONWAAR;ONWAAR;17;60;26;38;28;5;17;30;;15,41864
278;30/07/2013;2013;7;6;Begraasd, B;LV;WAAR;B;ONWAAR;;14;54;50-60;1-5;ONWAAR;ONWAAR;5;3;2;13;16;6;5;6;;4,582576
279;3/07/2012;2012;7;1;Begraasd, B;GB;WAAR;B;ONWAAR;foto 5963;0;0;50-60;nvt;ONWAAR;ONWAAR;53;35;30;7;18;7;8;36;;15,85678
279;30/07/2013;2013;7;6;Begraasd, A;LV;WAAR;B;ONWAAR;;20;350;10-20;1-5;ONWAAR;ONWAAR;13;22;27;29;12;13;24;7;;7,581845
280;3/07/2012;2012;7;1;Begraasd, C;GB;WAAR;B;ONWAAR;;7,45;32;80-90;1-5;ONWAAR;ONWAAR;45;41;30;18;13;45;30;44;;11,80837
280;30/07/2013;2013;7;5;Excl, Centrum;LV;WAAR;NB;ONWAAR;;0;0;90-100;nvt;ONWAAR;ONWAAR;40;31;26;13;32;11;14;22;;9,784394
281;3/07/2012;2012;7;1;Begraasd, D;GB;WAAR;B;ONWAAR;;6,9;66;90-100;nvt;ONWAAR;ONWAAR;33;40;32;35;27;18;33;34;;6,103278
281;30/07/2013;2013;7;5;Excl, zone A;LV;WAAR;NB;ONWAAR;;0;0;90-100;nvt;ONWAAR;ONWAAR;0;0;0;0;0;0;0;0;;0
282;3/07/2012;2012;7;2;Excl, Centrum;GB;WAAR;NB;ONWAAR;;0;0;90-100;< 1;ONWAAR;ONWAAR;20;81;36;14;83;34;42;71;;25,39162
282;30/07/2013;2013;7;5;Excl, zone B;LV;WAAR;NB;ONWAAR;;0;0;70-80;nvt;ONWAAR;ONWAAR;70;66;0;0;55;44;0;0;;30,23631
283;3/07/2012;2012;7;2;Excl, zone A;GB;WAAR;NB;ONWAAR;;0;0;80-90;< 1;ONWAAR;ONWAAR;28;31;34;55;70;53;37;23;;15,15699
283;30/07/2013;2013;7;5;Excl, zone C;LV;WAAR;NB;ONWAAR;;0;0;40-50;1-5;ONWAAR;ONWAAR;68;44;12;47;61;70;75;32;;20,22645
284;3/07/2012;2012;7;2;Excl, zone B;GB;WAAR;NB;ONWAAR;;0;0;80-90;< 1;ONWAAR;ONWAAR;32;69;84;93;12;28;30;91;;30,63673
284;30/07/2013;2013;7;5;Excl, zone D;LV;WAAR;NB;ONWAAR;;0;0;50-60;1-5;ONWAAR;ONWAAR;87;90;0;3;65;69;79;0;;38,07702
285;3/07/2012;2012;7;2;Excl, zone C;GB;WAAR;NB;ONWAAR;;0;0;60-70;nvt;ONWAAR;ONWAAR;40;32;73;50;43;39;32;51;;12,49
285;30/07/2013;2013;7;5;Begraasd, A;LV;WAAR;B;ONWAAR;;14;96;20-30;5-10;ONWAAR;ONWAAR;44;60;51;16;53;12;40;33;;16,20137
286;3/07/2012;2012;7;2;Excl, zone D;GB;WAAR;NB;ONWAAR;;0;0;50-60;nvt;ONWAAR;ONWAAR;34;80;33;37;65;45;43;35;;15,96872
286;30/07/2013;2013;7;5;Begraasd, B;LV;WAAR;B;ONWAAR;;9;190;70-80;10-20;ONWAAR;ONWAAR;5;15;2;3;9;7;2;8;;4,121211
287;3/07/2012;2012;7;2;Begraasd, A;GB;WAAR;B;ONWAAR;f 5728;0;0;40-50;< 1;ONWAAR;ONWAAR;13;32;68;44;41;33;28;63;;17,01286
287;30/07/2013;2013;7;5;Begraasd, C;LV;WAAR;B;ONWAAR;;13,5;280;70-80;nvt;ONWAAR;ONWAAR;33;42;21;28;49;17;13;47;;12,91075
288;3/07/2012;2012;7;2;Begraasd, B;GB;WAAR;B;ONWAAR;f 5937;0;0;80-90;< 1;ONWAAR;ONWAAR;7;11;5;3;3;12;7;9;;3,179524
288;30/07/2013;2013;7;5;Begraasd, D;LV;WAAR;B;ONWAAR;;15;20;30-40;60-70;ONWAAR;ONWAAR;0;0;0;0;0;0;0;0;;0
289;3/07/2012;2012;7;2;Begraasd, C;GB;WAAR;B;ONWAAR;f 5948;0;0;10-20;< 1;ONWAAR;ONWAAR;24;21;12;20;6;12;36;11;;8,926785
289;30/07/2013;2013;7;4;Excl, Centrum;WD;WAAR;NB;ONWAAR;;0;0;80-90;5-10;ONWAAR;ONWAAR;0;0;0;0;0;0;0;0;;0
290;3/07/2012;2012;7;2;Begraasd, D;GB;WAAR;B;ONWAAR;f 5729;0;0;10-20;< 1;ONWAAR;ONWAAR;6;31;11;16;38;23;12;4;;11,30196
290;30/07/2013;2013;7;4;Excl, zone A;WD;WAAR;NB;ONWAAR;;0;0;60-70;1-5;ONWAAR;ONWAAR;36;18;75;43;60;57;63;64;;17,23369
291;30/07/2013;2013;7;4;Excl, zone B;WD;WAAR;NB;ONWAAR;;0;0;60-70;30-40;ONWAAR;ONWAAR;65;13;45;0;0;0;0;0;;23,79043
291;3/07/2012;2012;7;6;Excl, Centrum;LV;WAAR;NB;ONWAAR;;0;0;90-100;< 1;ONWAAR;ONWAAR;39;20;90;3;6;10;20;5;;27,23709
292;30/07/2013;2013;7;4;Excl, zone C;WD;WAAR;NB;ONWAAR;;0;0;70-80;1-5;ONWAAR;ONWAAR;16;102;90;74;111;18;16;68;;37,30428
292;3/07/2012;2012;7;6;Excl, zone A;LV;WAAR;NB;ONWAAR;;0;0;90-100;< 1;ONWAAR;ONWAAR;56;3;7;29;60;6;61;11;;24,3076
293;30/07/2013;2013;7;4;Excl, zone D;WD;WAAR;NB;ONWAAR;;0;0;60-70;1-5;ONWAAR;ONWAAR;25;10;16;12;21;12;13;19;;4,89898
293;3/07/2012;2012;7;6;Excl, zone B;LV;WAAR;NB;ONWAAR;;0;0;60-70;nvt;ONWAAR;ONWAAR;4;17;65;40;31;21;11;21;;17,9635
294;30/07/2013;2013;7;4;Begraasd, A;WD;WAAR;B;ONWAAR;;11;210;50-60;40-50;ONWAAR;ONWAAR;0;0;0;0;0;0;0;0;;0
294;3/07/2012;2012;7;6;Excl, zone C;LV;WAAR;NB;ONWAAR;;0;0;50-60;10-20;ONWAAR;ONWAAR;5;4;19;5;4;7;8;7;;4,608077
295;30/07/2013;2013;7;4;Begraasd, B;WD;WAAR;B;ONWAAR;;7;274;30-40;50-60;ONWAAR;ONWAAR;0;0;0;0;0;0;0;0;;0
295;3/07/2012;2012;7;6;Excl, zone D;LV;WAAR;NB;ONWAAR;;0;0;50-60;nvt;ONWAAR;ONWAAR;20;6;65;74;57;10;32;54;;24,45787
296;30/07/2013;2013;7;4;Begraasd, C;WD;WAAR;B;ONWAAR;;12;16;40-50;50-60;ONWAAR;ONWAAR;0;0;0;0;0;0;0;0;;0
296;3/07/2012;2012;7;6;Begraasd, A;LV;WAAR;B;ONWAAR;f 6024;0;0;70-80;nvt;ONWAAR;ONWAAR;25;36;12;4;13;13;12;16;;9,177929
297;30/07/2013;2013;7;4;Begraasd, D;WD;WAAR;B;ONWAAR;;15;112;40-50;1-5;ONWAAR;ONWAAR;12;21;7;15;25;24;8;24;;6,964194
297;3/07/2012;2012;7;6;Begraasd, B;LV;WAAR;B;ONWAAR;f 6017;0;0;80-90;nvt;ONWAAR;ONWAAR;18;36;16;16;6;9;34;25;;10,18577
298;30/07/2013;2013;7;2;Excl, Centrum;GB;WAAR;NB;ONWAAR;;0;0;100;;ONWAAR;ONWAAR;28;12;18;11;17;12;0;0;;8,699857
298;3/07/2012;2012;7;6;Begraasd, C;LV;WAAR;B;ONWAAR;f 6016;0;0;60-70;nvt;ONWAAR;ONWAAR;13;9;48;29;13;45;16;9;;14,93946
299;30/07/2013;2013;7;2;Excl, zone A;GB;WAAR;NB;ONWAAR;;0;0;30-40;5-10;ONWAAR;ONWAAR;62;43;17;32;28;19;30;52;;14,76429
299;3/07/2012;2012;7;6;Begraasd, D;LV;WAAR;B;ONWAAR;f 6015;0;0;70-80;nvt;ONWAAR;ONWAAR;10;26;17;16;31;29;5;3;;10,06774
300;30/07/2013;2013;7;2;Excl, zone B;GB;ONWAAR;NB;ONWAAR;;0;0;5-10;60-70;ONWAAR;ONWAAR;65;68;19;52;50;41;17;33;;18,00998
300;3/07/2012;2012;7;5;Excl, Centrum;LV;WAAR;NB;ONWAAR;;0;0;80-90;10-20;ONWAAR;ONWAAR;17;57;12;18;37;15;7;28;;15,30063
301;30/07/2013;2013;7;2;Excl, zone C;GB;WAAR;NB;ONWAAR;;0;0;80-90;nvt;ONWAAR;ONWAAR;48;43;17;24;62;55;23;11;;17,76892
301;3/07/2012;2012;7;5;Excl, zone A;LV;ONWAAR;NB;ONWAAR;;0;0;nvt;100;ONWAAR;ONWAAR;0;0;0;0;0;0;0;0;;0
302;30/07/2013;2013;7;2;Excl, zone D;GB;WAAR;NB;ONWAAR;;0;0;20-30;nvt;ONWAAR;ONWAAR;18;67;51;48;62;42;42;51;;13,90088
302;3/07/2012;2012;7;5;Excl, zone B;LV;WAAR;NB;ONWAAR;;0;0;nvt;90-100;ONWAAR;ONWAAR;18;5;8;12;5;6;13;15;;4,630065
303;30/07/2013;2013;7;2;Begraasd, A;GB;ONWAAR;B;ONWAAR;;9;138;90-100;nvt;ONWAAR;ONWAAR;11;15;8;12;3;5;4;3;;4,299346
303;3/07/2012;2012;7;5;Excl, zone C;LV;WAAR;NB;ONWAAR;;0;0;70-80;1-5;ONWAAR;ONWAAR;90;11;87;30;39;83;46;72;;27,79276
304;30/07/2013;2013;7;2;Begraasd, B;GB;WAAR;B;ONWAAR;;9;254;10-20;40-50;ONWAAR;ONWAAR;10;13;14;2;4;7;10;13;;4,136348
304;3/07/2012;2012;7;5;Excl, zone D;LV;WAAR;NB;ONWAAR;;0;0;80-90;1-5;ONWAAR;ONWAAR;11;10;12;11;9;8;15;13;;2,087912
305;30/07/2013;2013;7;2;Begraasd, C;GB;WAAR;B;ONWAAR;;12;344;10-20;40-50;ONWAAR;ONWAAR;30;32;26;9;15;6;13;7;;9,871043
305;3/07/2012;2012;7;5;Begraasd, A;LV;WAAR;B;ONWAAR;f 6058;0;0;nvt;100;ONWAAR;ONWAAR;2;4;3;0;0;0;0;0;;1,536026
306;30/07/2013;2013;7;2;Begraasd, D;GB;WAAR;B;ONWAAR;;9;58;50-60;nvt;ONWAAR;ONWAAR;44;39;24;16;47;10;26;44;;13,21694
306;3/07/2012;2012;7;5;Begraasd, B;LV;WAAR;B;ONWAAR;f 6061;0;0;40-50;< 1;ONWAAR;ONWAAR;11;29;37;49;34;44;54;32;;12,5075
307;30/07/2013;2013;7;1;Excl, Centrum;GB;WAAR;NB;ONWAAR;;0;0;100;nvt;ONWAAR;ONWAAR;9;2;10;6;8;2;5;7;;2,803458
307;3/07/2012;2012;7;5;Begraasd, C;LV;WAAR;B;ONWAAR;f 6062;0;0;80-90;nvt;ONWAAR;ONWAAR;10;12;4;39;13;33;17;6;;11,82952
308;30/07/2013;2013;7;1;Excl, zone A;GB;WAAR;NB;ONWAAR;;0;0;100;nvt;ONWAAR;ONWAAR;0;0;74;72;66;0;0;0;;34,27463
308;3/07/2012;2012;7;5;Begraasd, D;LV;WAAR;B;ONWAAR;f 6057;0;0;10-20;40-50;ONWAAR;ONWAAR;18;12;5;6;5;1;7;4;;4,993746
309;4/09/2012;2012;9;1;Excl, Centrum;GB;WAAR;NB;ONWAAR;;0;0;90-100;1-5;ONWAAR;ONWAAR;8;13;25;6;2;2;3;10;;7,210019
309;30/07/2013;2013;7;1;Excl, zone B;GB;WAAR;NB;ONWAAR;;0;0;100;nvt;ONWAAR;ONWAAR;49;41;32;12;0;0;0;0;;19,38266
310;4/09/2012;2012;9;1;Excl, zone A;GB;WAAR;NB;ONWAAR;;0;0;80-90;< 1;WAAR;ONWAAR;56;82;25;40;5;32;21;11;;23,57965
310;30/07/2013;2013;7;1;Excl, zone C;GB;WAAR;NB;ONWAAR;;0;0;60-70;;ONWAAR;ONWAAR;47;33;41;14;16;23;33;28;;10,78121
311;4/09/2012;2012;9;1;Excl, zone B;GB;WAAR;NB;ONWAAR;;0;0;70-80;nvt;WAAR;ONWAAR;89;64;80;28;43;70;20;32;;24,21131
311;30/07/2013;2013;7;1;Begraasd, A;GB;WAAR;B;ONWAAR;;7;138;100;nvt;ONWAAR;ONWAAR;17;15;2;2;3;0;0;0;;6,527586
312;4/09/2012;2012;9;1;Excl, zone C;GB;WAAR;NB;ONWAAR;;0;0;30-40;nvt;WAAR;ONWAAR;80;36;75;36;46;52;86;41;;19,2873
313;4/09/2012;2012;9;1;Excl, zone D;GB;WAAR;NB;ONWAAR;;0;0;40-50;nvt;WAAR;ONWAAR;86;46;80;23;44;40;37;82;;22,60946
313;30/07/2013;2013;7;1;Begraasd, B;GB;WAAR;B;ONWAAR;;7;54;90-100;nvt;ONWAAR;ONWAAR;32;23;25;31;0;0;0;0;;14,13716
314;4/09/2012;2012;9;1;Begraasd, A;GB;WAAR;B;ONWAAR;;9,95;102;80-90;< 1;ONWAAR;ONWAAR;11;5;6;9;22;17;3;6;;6,132648
314;30/07/2013;2013;7;1;Begraasd, C;GB;WAAR;B;ONWAAR;;8;330;90-100;nvt;ONWAAR;ONWAAR;42;38;43;26;0;0;0;0;;19,22848
315;4/09/2012;2012;9;1;Begraasd, B;GB;WAAR;B;ONWAAR;;11,6;246;60-70;< 1;ONWAAR;ONWAAR;60;10;3;6;8;22;10;16;;17,21509
315;30/07/2013;2013;7;1;Begraasd, D;GB;WAAR;B;ONWAAR;;11;78;80-90;nvt;ONWAAR;ONWAAR;39;31;29;27;0;0;0;0;;16,07599
316;4/09/2012;2012;9;1;Begraasd, C;GB;WAAR;B;ONWAAR;;8,6;324;30-40;nvt;WAAR;ONWAAR;12;17;5;7;11;16;6;2;;5,024938
316;30/07/2013;2013;7;3;Excl, Centrum;WD;WAAR;NB;ONWAAR;;0;0;100;nvt;ONWAAR;ONWAAR;4;3;3;2;1;2;3;4;;0,9682459
317;4/09/2012;2012;9;1;Begraasd, D;GB;WAAR;B;ONWAAR;;11,75;258;40-50;nvt;ONWAAR;ONWAAR;3;2;46;70;8;6;70;74;;31,17466
317;30/07/2013;2013;7;3;Excl, zone B;WD;WAAR;NB;ONWAAR;;0;0;90-100;nvt;ONWAAR;ONWAAR;25;8;7;33;60;64;10;4;;22,56622
318;4/09/2012;2012;9;2;Excl, Centrum;GB;WAAR;NB;ONWAAR;;0;0;90-100;nvt;ONWAAR;ONWAAR;3;4;6;4;2;4;6;2;;1,452369
318;30/07/2013;2013;7;3;Excl, zone C;WD;WAAR;NB;ONWAAR;;0;0;90-100;nvt;ONWAAR;ONWAAR;35;30;34;22;0;5;0;0;;15,0229
319;4/09/2012;2012;9;2;Excl, zone A;GB;WAAR;NB;ONWAAR;;0;0;90-100;nvt;ONWAAR;ONWAAR;58;64;57;63;6;61;13;4;;25,82513
319;30/07/2013;2013;7;3;Excl, zone D;WD;WAAR;NB;ONWAAR;;0;0;90-100;nvt;ONWAAR;ONWAAR;56;70;32;6;16;0;15;0;;24,55574
320;4/09/2012;2012;9;2;Excl, zone B;GB;WAAR;NB;ONWAAR;;0;0;90-100;nvt;ONWAAR;ONWAAR;60;43;6;4;62;32;51;67;;23,06479
320;30/07/2013;2013;7;3;Begraasd, A;WD;WAAR;B;ONWAAR;;14;166;30-40;40-50;ONWAAR;ONWAAR;2;3;2;5;4;2;3;2;;1,053269
321;4/09/2012;2012;9;2;Excl, zone C;GB;WAAR;NB;ONWAAR;;0;0;80-90;nvt;ONWAAR;ONWAAR;71;68;73;15;47;66;62;23;;21,15087
321;30/07/2013;2013;7;3;Begraasd, B;WD;WAAR;B;ONWAAR;;11;78;20-30;30-40;ONWAAR;ONWAAR;51;46;32;61;35;17;5;0;;20,53922
322;4/09/2012;2012;9;2;Excl, zone D;GB;WAAR;NB;ONWAAR;;0;0;90-100;nvt;ONWAAR;ONWAAR;64;57;22;40;44;22;61;11;;18,74458
322;30/07/2013;2013;7;3;Begraasd, C;WD;WAAR;B;ONWAAR;;13;30;10-20;5-10;ONWAAR;ONWAAR;55;41;76;61;35;12;21;23;;20,67607
323;4/09/2012;2012;9;2;Begraasd, A;GB;WAAR;B;ONWAAR;;13,3;140;30-40;20-30;ONWAAR;ONWAAR;27;4;3;10;8;6;4;8;;7,258615
323;30/07/2013;2013;7;3;Begraasd, D;WD;WAAR;B;ONWAAR;;12;108;70-80;20-30;ONWAAR;ONWAAR;7;6;2;3;2;7;6;5;;1,984313
324;4/09/2012;2012;9;2;Begraasd, B;GB;WAAR;B;ONWAAR;;8,15;242;20-30;< 1;ONWAAR;ONWAAR;42;50;15;14;44;13;32;37;;13,95025
324;28/08/2013;2013;8;6;Excl, Centrum;LV;WAAR;NB;ONWAAR;;0;0;80-90;1-5;WAAR;ONWAAR;8;7;4;5;5;13;4;3;;3,018174
325;4/09/2012;2012;9;2;Begraasd, C;GB;WAAR;B;ONWAAR;;4,66;132;70-80;< 1;ONWAAR;ONWAAR;32;24;30;6;3;6;10;21;;10,86278
325;28/08/2013;2013;8;6;Excl, zone A;LV;WAAR;NB;ONWAAR;;0;0;100;nvt;WAAR;ONWAAR;23;20;17;15;22;40;13;21;;7,761081
326;4/09/2012;2012;9;2;Begraasd, D;GB;WAAR;B;ONWAAR;;6,9;62;50-60;1-5;ONWAAR;ONWAAR;42;38;6;8;5;9;4;15;;14,31291
326;28/08/2013;2013;8;6;Excl, zone B;LV;WAAR;NB;ONWAAR;;0;0;100;nvt;WAAR;ONWAAR;83;76;26;100;76;20;13;40;;31,10768
327;4/09/2012;2012;9;3;Excl, Centrum;WD;WAAR;NB;ONWAAR;;0;0;90-100;< 1;ONWAAR;ONWAAR;8;2;4;2;4;4;9;5;;2,384848
327;28/08/2013;2013;8;6;Excl, zone C;LV;WAAR;NB;ONWAAR;;0;0;80-90;5-10;WAAR;ONWAAR;10;35;42;80;72;15;21;33;;23,90084
328;4/09/2012;2012;9;3;Excl, zone A;WD;WAAR;NB;ONWAAR;;0;0;< 1;90-100;ONWAAR;ONWAAR;30;19;5;7;2;3;3;0;;9,75881
328;28/08/2013;2013;8;6;Excl, zone D;LV;WAAR;NB;ONWAAR;;0;0;80-90;nvt;WAAR;ONWAAR;21;90;91;27;76;33;50;49;;26,09089
329;4/09/2012;2012;9;3;Excl, zone B;WD;WAAR;NB;ONWAAR;;0;0;40-50;nvt;ONWAAR;ONWAAR;140;100;16;126;106;70;20;61;;43,22741
329;28/08/2013;2013;8;6;Begraasd, A;LV;WAAR;B;ONWAAR;;23;168;90-100;nvt;WAAR;ONWAAR;71;75;10;13;68;5;12;50;;28,88771
330;4/09/2012;2012;9;3;Excl, zone C;WD;WAAR;NB;ONWAAR;;0;0;10-20;< 1;ONWAAR;ONWAAR;135;120;125;136;77;105;106;130;;18,67987
330;28/08/2013;2013;8;6;Begraasd, B;LV;WAAR;B;ONWAAR;;12;196;60-70;5-10;ONWAAR;ONWAAR;28;17;60;63;17;16;14;20;;18,97325
331;4/09/2012;2012;9;3;Excl, zone D;WD;WAAR;NB;ONWAAR;;0;0;90-100;1-5;ONWAAR;ONWAAR;10;6;2;3;8;11;13;2;;4,013649
331;28/08/2013;2013;8;6;Begraasd, C;LV;WAAR;B;ONWAAR;;16;292;50-60;1-5;WAAR;ONWAAR;67;55;60;3;38;31;56;49;;19,21873
332;4/09/2012;2012;9;3;Begraasd, A;WD;WAAR;B;ONWAAR;;14,3;334;60-70;30-40;ONWAAR;ONWAAR;1;2;2;3;2;3;0;0;;1,111024
332;28/08/2013;2013;8;6;Begraasd, D;LV;WAAR;B;ONWAAR;;24;328;80-90;1-5;ONWAAR;ONWAAR;2;3;2;3;4;2;3;3;;0,6614378
333;4/09/2012;2012;9;3;Begraasd, B;WD;WAAR;B;ONWAAR;;14,67;266;50-60;40-50;ONWAAR;ONWAAR;8;50;3;54;5;4;6;5;;20,34968
333;28/08/2013;2013;8;5;Excl, Centrum;LV;WAAR;NB;ONWAAR;;0;0;100;nvt;ONWAAR;ONWAAR;13;3;6;5;4;11;33;12;;9,102713
334;4/09/2012;2012;9;3;Begraasd, C;WD;WAAR;B;ONWAAR;;7,15;172;30-40;20-30;ONWAAR;ONWAAR;30;82;84;25;6;10;12;24;;29,2508
334;28/08/2013;2013;8;5;Excl, zone B;LV;WAAR;NB;ONWAAR;;0;0;40-50;50-60;ONWAAR;ONWAAR;4;6;0;0;0;0;0;0;;2,222049
335;4/09/2012;2012;9;3;Begraasd, D;WD;WAAR;B;ONWAAR;;12,61;63;30-40;50-60;ONWAAR;ONWAAR;3;5;2;2;3;4;15;2;;4,092676
335;28/08/2013;2013;8;5;Excl, zone C;LV;WAAR;NB;ONWAAR;;0;0;80-90;nvt;WAAR;ONWAAR;80;55;60;72;16;83;56;64;;19,5624
336;4/09/2012;2012;9;5;Excl, Centrum;LV;WAAR;NB;ONWAAR;;0;0;80-90;< 1;ONWAAR;ONWAAR;18;10;2;4;5;4;6;2;;4,998437
336;28/08/2013;2013;8;5;Excl, zone D;LV;WAAR;NB;ONWAAR;;0;0;40-50;nvt;WAAR;ONWAAR;50;48;71;66;72;85;80;70;;12,19375
337;4/09/2012;2012;9;5;Excl, zone A;LV;WAAR;NB;ONWAAR;;0;0;50-60;1-5;ONWAAR;ONWAAR;128;110;105;90;120;10;9;117;;45,46822
337;28/08/2013;2013;8;5;Begraasd, A;LV;WAAR;B;ONWAAR;;11;96;10-20;80-90;ONWAAR;ONWAAR;6;5;6;2;0;3;0;0;;2,487468
338;4/09/2012;2012;9;5;Excl, zone B;LV;WAAR;NB;ONWAAR;;0;0;1-5;< 1;ONWAAR;ONWAAR;40;126;84;25;101;47;56;63;;31,52677
338;28/08/2013;2013;8;5;Begraasd, B;LV;WAAR;B;ONWAAR;;11,5;172;80-90;5-10;ONWAAR;ONWAAR;5;3;4;3;7;3;0;0;;2,204399
339;4/09/2012;2012;9;5;Excl, zone C;LV;WAAR;NB;ONWAAR;;0;0;20-30;1-5;WAAR;ONWAAR;20;24;86;74;44;75;86;43;;25,28834
339;28/08/2013;2013;8;5;Begraasd, C;LV;WAAR;B;ONWAAR;;13;278;40-50;1-5;WAAR;ONWAAR;39;41;12;59;63;6;55;48;;19,74802
340;4/09/2012;2012;9;5;Excl, zone D;LV;WAAR;NB;ONWAAR;;0;0;1-5;1-5;WAAR;ONWAAR;102;49;95;10;27;31;56;102;;34,11744
340;28/08/2013;2013;8;5;Begraasd, D;LV;WAAR;B;ONWAAR;;10;2;90-100;1-5;ONWAAR;ONWAAR;6;2;4;3;2;6;0;5;;2
341;28/08/2013;2013;8;4;Excl, Centrum;WD;WAAR;NB;ONWAAR;;0;0;40-50;50-60;WAAR;ONWAAR;2;4;0;0;0;0;0;0;;1,391941
341;4/09/2012;2012;9;5;Begraasd, D;LV;WAAR;B;ONWAAR;;19,9;334;70-80;5-10;ONWAAR;ONWAAR;44;18;31;7;30;3;2;3;;15,04784
342;28/08/2013;2013;8;4;Excl, zone A;WD;WAAR;NB;ONWAAR;;0;0;70-80;nvt;WAAR;ONWAAR;10;14;60;15;34;90;45;38;;25,35128
342;4/09/2012;2012;9;5;Begraasd, C;LV;WAAR;B;ONWAAR;;12,3;302;60-70;1-5;ONWAAR;ONWAAR;70;56;16;10;6;8;65;10;;26,35544
343;28/08/2013;2013;8;4;Excl, zone B;WD;ONWAAR;NB;ONWAAR;;0;0;20-30;70-80;ONWAAR;ONWAAR;0;0;0;0;0;0;0;0;;0
343;4/09/2012;2012;9;5;Begraasd, B;LV;WAAR;B;ONWAAR;;10,2;226;80-90;1-5;ONWAAR;ONWAAR;4;2;3;4;2;3;2;4;;0,8660254
344;28/08/2013;2013;8;4;Excl, zone C;WD;ONWAAR;NB;ONWAAR;;0;0;30-40;60-70;ONWAAR;ONWAAR;0;0;0;0;0;0;0;0;;0
344;4/09/2012;2012;9;5;Begraasd, A;LV;WAAR;B;ONWAAR;;21,7;166;60-70;1-5;ONWAAR;ONWAAR;54;10;47;10;50;56;5;22;;20,6322
345;28/08/2013;2013;8;4;Excl, zone D;WD;WAAR;NB;ONWAAR;;0;0;60-70;1-5;ONWAAR;ONWAAR;31;56;69;13;6;8;13;7;;22,89617
345;4/09/2012;2012;9;6;Excl, Centrum;LV;WAAR;NB;ONWAAR;;0;0;80-90;1-5;ONWAAR;ONWAAR;32;10;23;19;17;8;12;10;;7,631145
346;28/08/2013;2013;8;4;Begraasd, A;WD;WAAR;B;ONWAAR;;12;160;60-70;10-20;ONWAAR;ONWAAR;2;3;2;0;0;0;0;0;;1,165922
346;4/09/2012;2012;9;6;Excl, zone C;LV;WAAR;NB;ONWAAR;;0;0;20-30;5-10;WAAR;ONWAAR;120;77;50;25;74;69;101;15;;33,30142
347;28/08/2013;2013;8;4;Begraasd, B;WD;WAAR;B;ONWAAR;;13;276;70-80;20-30;ONWAAR;ONWAAR;1;2;3;2;0;0;0;0;;1,118034
347;4/09/2012;2012;9;6;Excl, zone D;LV;WAAR;NB;ONWAAR;;0;0;60-70;1-5;ONWAAR;ONWAAR;16;10;9;72;97;75;86;11;;36,22844
348;28/08/2013;2013;8;4;Begraasd, C;WD;WAAR;B;ONWAAR;;13;334;40-50;10-20;ONWAAR;ONWAAR;3;4;2;3;2;0;0;0;;1,47902
348;4/09/2012;2012;9;6;Excl, zone A;LV;ONWAAR;NB;ONWAAR;;0;0;< 1;100;ONWAAR;ONWAAR;0;0;0;0;0;0;0;0;;0
349;28/08/2013;2013;8;4;Begraasd, D;WD;WAAR;B;ONWAAR;;11;102;60-70;1-5;ONWAAR;ONWAAR;4;2;4;1;2;0;0;0;;1,57619
349;4/09/2012;2012;9;6;Excl, zone B;LV;WAAR;NB;ONWAAR;;0;0;< 1;90-100;ONWAAR;ONWAAR;3;4;2;4;0;0;0;0;;1,727534
350;28/08/2013;2013;8;2;Excl, Centrum;GB;WAAR;NB;ONWAAR;;0;0;100;< 1;ONWAAR;ONWAAR;2;3;3;4;6;4;0;0;;1,920286
350;4/09/2012;2012;9;6;Begraasd, B;LV;WAAR;B;ONWAAR;;9,2;142;< 1;90-100;ONWAAR;ONWAAR;2;2;3;2;0;0;0;0;;1,165922
351;28/08/2013;2013;8;2;Excl, zone A;GB;WAAR;NB;ONWAAR;;0;0;80-90;nvt;WAAR;ONWAAR;70;40;23;46;44;80;17;53;;19,96207
351;4/09/2012;2012;9;6;Begraasd, C;LV;WAAR;B;ONWAAR;;11,86;92;80-90;10-20;ONWAAR;ONWAAR;44;26;20;16;3;5;3;2;;13,89638
352;28/08/2013;2013;8;2;Excl, zone B;GB;WAAR;NB;ONWAAR;;0;0;80-90;;WAAR;ONWAAR;8;43;62;13;44;31;60;43;;18,43909
352;4/09/2012;2012;9;6;Begraasd, D;LV;WAAR;B;ONWAAR;;17,4;3;nvt;90-100;ONWAAR;ONWAAR;2;1;0;0;0;0;0;0;;0,6959705
353;28/08/2013;2013;8;2;Excl, zone C;GB;WAAR;NB;ONWAAR;;0;0;90-100;;WAAR;ONWAAR;40;84;43;60;102;35;33;18;;26,50206
353;4/09/2012;2012;9;6;Begraasd, A;LV;WAAR;B;ONWAAR;;11,7;92;nvt;90-100;ONWAAR;ONWAAR;3;4;3;0;0;0;0;0;;1,63936
354;28/08/2013;2013;8;2;Excl, zone D;GB;WAAR;NB;ONWAAR;;0;0;90-100;nvt;WAAR;ONWAAR;38;55;80;36;40;37;45;77;;16,88194
354;4/09/2012;2012;9;4;Excl, Centrum;WD;WAAR;NB;ONWAAR;;0;0;1-5;90-100;ONWAAR;ONWAAR;7;4;3;2;3;2;4;7;;1,870829
355;28/08/2013;2013;8;2;Begraasd, A;GB;WAAR;B;ONWAAR;;9;132;100;nvt;ONWAAR;ONWAAR;17;5;7;6;6;5;7;13;;4,085034
355;4/09/2012;2012;9;4;Excl, zone C;WD;WAAR;NB;ONWAAR;;0;0;1-5;70-80;ONWAAR;ONWAAR;18;12;23;3;10;61;84;71;;29,54552
356;28/08/2013;2013;8;2;Begraasd, B;GB;WAAR;B;ONWAAR;;7;242;20-30;nvt;WAAR;ONWAAR;115;32;78;89;46;38;85;91;;27,69364
356;4/09/2012;2012;9;4;Excl, zone D;WD;WAAR;NB;ONWAAR;;0;0;1-5;90-100;ONWAAR;ONWAAR;20;31;45;56;32;40;82;31;;18,14826
357;28/08/2013;2013;8;2;Begraasd, C;GB;WAAR;B;ONWAAR;;11;334;80-90;5-10;ONWAAR;ONWAAR;44;14;53;48;19;21;34;46;;14,09288
357;4/09/2012;2012;9;4;Excl, zone A;WD;WAAR;NB;ONWAAR;;0;0;10-20;60-70;ONWAAR;ONWAAR;110;23;10;11;13;87;92;21;;39,77574
358;28/08/2013;2013;8;2;Begraasd, D;GB;WAAR;B;ONWAAR;;0;0;70-80;10-20;ONWAAR;ONWAAR;16;18;4;2;6;41;3;5;;12,36363
358;4/09/2012;2012;9;4;Excl, zone B;WD;WAAR;NB;ONWAAR;;0;0;60-70;1-5;ONWAAR;ONWAAR;110;16;95;10;18;21;3;18;;38,71995
359;28/08/2013;2013;8;3;Excl, Centrum;WD;WAAR;NB;ONWAAR;;0;0;100;nvt;ONWAAR;ONWAAR;5;2;2;3;4;3;2;4;;1,053269
359;4/09/2012;2012;9;4;Begraasd, D;WD;WAAR;B;ONWAAR;;9,7;126;10-20;10-20;ONWAAR;ONWAAR;8;26;21;18;6;2;3;3;;8,781195
360;28/08/2013;2013;8;3;Excl, zone A;WD;WAAR;NB;ONWAAR;;0;0;10-20;40-50;ONWAAR;ONWAAR;13;8;16;11;13;15;8;9;;2,912795
360;4/09/2012;2012;9;4;Begraasd, A;WD;WAAR;B;ONWAAR;;11;178;20-30;70-80;ONWAAR;ONWAAR;2;3;3;2;2;0;0;0;;1,224745
361;28/08/2013;2013;8;3;Excl, zone B;WD;WAAR;NB;ONWAAR;;0;0;40-50;20-30;ONWAAR;ONWAAR;3;14;13;6;2;4;10;3;;4,484348
361;4/09/2012;2012;9;4;Begraasd, B;WD;WAAR;B;ONWAAR;;11;264;5-10;90-100;ONWAAR;ONWAAR;33;2;4;2;16;3;5;4;;10,14812
362;28/08/2013;2013;8;3;Excl, zone C;WD;WAAR;NB;ONWAAR;;0;0;90-100;1-5;WAAR;ONWAAR;3;0;16;21;24;33;20;11;;10,27132
362;4/09/2012;2012;9;4;Begraasd, C;WD;WAAR;B;ONWAAR;;11,9;186;10-20;80-90;ONWAAR;ONWAAR;6;5;3;4;3;2;2;3;;1,322876
363;3/07/2012;2012;7;3;Excl, Centrum;WD;WAAR;NB;ONWAAR;;0;0;90-100;1-5;ONWAAR;ONWAAR;77;5;6;54;18;3;6;39;;25,95188
363;28/08/2013;2013;8;3;Excl, zone D;WD;WAAR;NB;ONWAAR;;0;0;90-100;nvt;ONWAAR;ONWAAR;36;25;33;17;12;29;40;41;;9,867085
364;3/07/2012;2012;7;3;Excl, zone A;WD;WAAR;NB;ONWAAR;;0;0;40-50;40-50;ONWAAR;ONWAAR;17;8;5;2;2;14;0;0;;6,062178
364;28/08/2013;2013;8;3;Begraasd, A;WD;WAAR;B;ONWAAR;;14;188;50-60;40-50;ONWAAR;ONWAAR;3;2;4;4;0;3;2;0;;1,47902
365;3/07/2012;2012;7;3;Excl, zone B;WD;WAAR;NB;ONWAAR;;0;0;60-70;nvt;ONWAAR;ONWAAR;61;71;72;7;5;10;71;69;;29,95309
365;28/08/2013;2013;8;3;Begraasd, B;WD;WAAR;B;ONWAAR;;13;270;60-70;nvt;WAAR;ONWAAR;90;40;37;18;106;52;48;89;;29,06458
366;3/07/2012;2012;7;3;Excl, zone C;WD;WAAR;NB;ONWAAR;;0;0;60-70;nvt;ONWAAR;ONWAAR;70;72;35;33;8;67;8;52;;24,59897
366;28/08/2013;2013;8;3;Begraasd, C;WD;WAAR;B;ONWAAR;;8;348;70-80;1-5;WAAR;ONWAAR;41;34;37;44;42;97;38;50;;19,11438
367;3/07/2012;2012;7;3;Excl, zone D;WD;WAAR;NB;ONWAAR;;0;0;60-70;20-30;ONWAAR;ONWAAR;3;5;7;2;8;6;15;20;;5,782517
367;28/08/2013;2013;8;3;Begraasd, D;WD;WAAR;B;ONWAAR;;9;66;40-50;50-60;ONWAAR;ONWAAR;4;3;0;6;0;5;2;3;;2,027159
368;28/08/2013;2013;8;1;Excl, Centrum;GB;WAAR;NB;ONWAAR;;0;0;100;nvt;ONWAAR;ONWAAR;5;3;2;6;2;2;4;3;;1,408678
369;28/08/2013;2013;8;1;Excl, zone A;GB;WAAR;NB;ONWAAR;;0;0;100;nvt;ONWAAR;ONWAAR;54;16;10;34;26;32;5;26;;14,48221
369;3/07/2012;2012;7;3;Begraasd, C;WD;WAAR;B;ONWAAR;;12,2;23;30-40;60-70;ONWAAR;ONWAAR;44;7;12;12;3;38;40;7;;16,02293
370;28/08/2013;2013;8;1;Excl, zone B;GB;WAAR;NB;ONWAAR;;0;0;100;nvt;ONWAAR;ONWAAR;73;52;48;40;19;32;41;4;;19,63376
370;3/07/2012;2012;7;3;Begraasd, D;WD;WAAR;B;ONWAAR;;9,2;62;70-80;10-20;ONWAAR;ONWAAR;11;21;15;7;5;45;5;26;;12,79099
371;28/08/2013;2013;8;1;Excl, zone C;GB;WAAR;NB;ONWAAR;;0;0;100;nvt;ONWAAR;ONWAAR;46;38;41;51;17;8;13;39;;15,3455
371;3/07/2012;2012;7;3;Begraasd, A;WD;WAAR;B;ONWAAR;;12;210;1-5;10-20;ONWAAR;ONWAAR;28;5;6;5;13;2;6;12;;7,761081
372;28/08/2013;2013;8;1;Excl, zone D;GB;WAAR;NB;ONWAAR;;0;0;100;nvt;WAAR;ONWAAR;29;39;31;22;28;17;19;20;;6,963072
372;3/07/2012;2012;7;3;Begraasd, B;WD;WAAR;B;ONWAAR;;15,2;288;70-80;10-20;ONWAAR;ONWAAR;3;3;4;3;2;3;4;3;;0,599479
373;28/08/2013;2013;8;1;Begraasd, A;GB;WAAR;B;ONWAAR;;6;128;100;nvt;ONWAAR;ONWAAR;45;7;13;18;32;37;6;8;;14,21047
373;3/07/2012;2012;7;4;Excl, Centrum;WD;WAAR;NB;ONWAAR;;0;0;10-20;80-90;ONWAAR;ONWAAR;6;8;4;0;5;0;7;5;;2,781075
374;28/08/2013;2013;8;1;Begraasd, B;GB;ONWAAR;B;ONWAAR;;8;240;100;nvt;ONWAAR;ONWAAR;7;20;6;8;7;11;9;13;;4,313859
374;3/07/2012;2012;7;4;Excl, zone A;WD;WAAR;NB;ONWAAR;;0;0;20-30;60-70;ONWAAR;ONWAAR;14;5;13;8;12;13;9;10;;2,872281
375;28/08/2013;2013;8;1;Begraasd, C;GB;WAAR;B;ONWAAR;;10;348;100;nvt;WAAR;ONWAAR;35;12;6;8;31;14;29;6;;11,27982
375;3/07/2012;2012;7;4;Excl, zone B;WD;WAAR;NB;ONWAAR;;0;0;20-30;60-70;ONWAAR;ONWAAR;7;13;5;10;6;4;8;7;;2,692582
376;28/08/2013;2013;8;1;Begraasd, D;GB;WAAR;B;ONWAAR;;10;88;100;nvt;ONWAAR;ONWAAR;2;5;4;3;2;4;3;6;;1,316957
376;3/07/2012;2012;7;4;Excl, zone C;WD;ONWAAR;NB;ONWAAR;;0;0;5-10;90-100;ONWAAR;ONWAAR;0;0;0;0;0;0;0;0;;0
377;3/07/2012;2012;7;4;Excl, zone D;WD;WAAR;NB;ONWAAR;;0;0;20-30;60-70;ONWAAR;ONWAAR;10;9;23;7;16;12;13;11;;4,662014
377;1/10/2013;2013;9;6;Excl, Centrum;LV;WAAR;NB;ONWAAR;;0;0;60-70;< 1;ONWAAR;ONWAAR;6;4;3;2;6;4;3;3;;1,363589
378;3/07/2012;2012;7;4;Begraasd, A;WD;WAAR;B;ONWAAR;MIER D;13,1;209;70-80;20-30;ONWAAR;ONWAAR;2;3;1;1;4;2;3;2;;0,9682459
378;1/10/2013;2013;9;6;Excl, zone A;LV;WAAR;NB;ONWAAR;;0;0;80-90;< 1;WAAR;ONWAAR;25;17;20;13;18;32;15;19;;5,666513
379;3/07/2012;2012;7;4;Begraasd, B;WD;WAAR;B;ONWAAR;;9,3;270;10-20;80-90;ONWAAR;ONWAAR;2;4;4;3;2;3;2;1;;0,9921567
379;1/10/2013;2013;9;6;Excl, zone B;LV;WAAR;NB;ONWAAR;;0;0;5-10;40-50;WAAR;ONWAAR;118;51;119;37;42;54;45;92;;32,21704
380;3/07/2012;2012;7;4;Begraasd, C;WD;WAAR;B;ONWAAR;;15,6;201;70-80;10-20;ONWAAR;ONWAAR;4;2;2;3;3;3;1;2;;0,8660254
380;1/10/2013;2013;9;6;Excl, zone C;LV;WAAR;NB;ONWAAR;;0;0;30-40;1-5;WAAR;ONWAAR;56;54;61;49;43;51;56;113;;20,5179
381;3/07/2012;2012;7;4;Begraasd, D;WD;WAAR;B;ONWAAR;;13,7;152;40-50;40-50;ONWAAR;ONWAAR;5;6;5;3;3;4;6;4;;1,118034
381;1/10/2013;2013;9;6;Excl, zone D;LV;WAAR;NB;ONWAAR;;0;0;40-50;5-10;WAAR;ONWAAR;105;50;15;42;43;35;32;30;;25,05993
382;1/10/2013;2013;9;6;Begraasd, A;LV;WAAR;B;ONWAAR;;23;167;60-70;nvt;WAAR;ONWAAR;84;79;12;32;77;10;14;24;;30,59412
383;1/10/2013;2013;9;6;Begraasd, B;LV;WAAR;B;ONWAAR;;17;221;60-70;1-5;WAAR;ONWAAR;6;9;17;16;4;19;15;16;;5,238082
384;1/10/2013;2013;9;6;Begraasd, C;LV;WAAR;B;ONWAAR;;16;281;60-70;5-10;ONWAAR;ONWAAR;41;10;18;104;35;13;9;8;;30,37166
385;1/10/2013;2013;9;6;Begraasd, D;LV;WAAR;B;ONWAAR;;21;332;50-60;nvt;ONWAAR;ONWAAR;80;8;12;23;46;25;65;8;;25,63171
386;1/10/2013;2013;9;5;Excl, Centrum;LV;ONWAAR;NB;ONWAAR;;0;0;90-100;nvt;ONWAAR;ONWAAR;0;0;0;0;0;0;0;0;;0
387;1/10/2013;2013;9;5;Excl, zone C;LV;WAAR;NB;ONWAAR;;0;0;10-20;40-50;WAAR;ONWAAR;105;123;78;103;83;89;60;87;;17,95132
388;1/10/2013;2013;9;5;Excl, zone D;LV;WAAR;NB;ONWAAR;;0;0;90-100;< 1;ONWAAR;ONWAAR;55;53;45;54;68;52;58;48;;6,469882
389;1/10/2013;2013;9;5;Excl, zone A;LV;WAAR;NB;ONWAAR;;0;0;90-100;1-5;ONWAAR;ONWAAR;25;83;19;65;18;57;34;42;;22,04222
390;1/10/2013;2013;9;5;Excl, zone B;LV;WAAR;NB;ONWAAR;;0;0;90-100;1-5;ONWAAR;ONWAAR;21;53;43;76;41;31;24;56;;17,14233
391;1/10/2013;2013;9;5;Begraasd, A;LV;ONWAAR;B;ONWAAR;;9;94;60-70;30-40;ONWAAR;ONWAAR;0;0;0;0;0;0;0;0;;0
392;1/10/2013;2013;9;5;Begraasd, B;LV;ONWAAR;B;ONWAAR;;8;158;70-80;1-5;ONWAAR;ONWAAR;0;0;0;0;0;0;0;0;;0
393;1/10/2013;2013;9;5;Begraasd, C;LV;WAAR;B;ONWAAR;;11;288;60-70;1-5;ONWAAR;ONWAAR;2;3;2;4;0;0;0;0;;1,494783
394;1/10/2013;2013;9;5;Begraasd, D;LV;WAAR;B;ONWAAR;;11;146;60-70;nvt;ONWAAR;ONWAAR;2;4;2;3;4;5;2;0;;1,47902
395;1/10/2013;2013;9;4;Excl, Centrum;WD;ONWAAR;NB;ONWAAR;;0;0;60-70;30-40;ONWAAR;ONWAAR;0;0;0;0;0;0;0;0;;0
396;1/10/2013;2013;9;4;Excl, zone A;WD;ONWAAR;NB;ONWAAR;;0;0;60-70;< 1;WAAR;ONWAAR;65;84;102;35;46;57;40;85;;22,57072
397;1/10/2013;2013;9;4;Excl, zone B;WD;ONWAAR;NB;ONWAAR;;0;0;60-70;30-40;ONWAAR;ONWAAR;0;0;0;0;0;0;0;0;;0
398;1/10/2013;2013;9;4;Excl, zone C;WD;ONWAAR;NB;ONWAAR;;0;0;80-90;10-20;ONWAAR;ONWAAR;0;0;0;0;0;0;0;0;;0
399;1/10/2013;2013;9;4;Excl, zone D;WD;ONWAAR;NB;ONWAAR;;0;0;60-70;1-5;ONWAAR;ONWAAR;32;16;17;105;4;11;6;13;;31,0926
400;1/10/2013;2013;9;4;Begraasd, A;WD;ONWAAR;B;ONWAAR;zeer kort;11;166;90-100;;ONWAAR;ONWAAR;6;2;3;2;0;1;0;0;;1,920286
401;1/10/2013;2013;9;4;Begraasd, B;WD;ONWAAR;B;ONWAAR;zeer kort afgegraasd;13;272;90-100;;ONWAAR;ONWAAR;2;3;2;0;1;0;0;0;;1,118034
402;1/10/2013;2013;9;4;Begraasd, C;WD;ONWAAR;B;ONWAAR;;14;28;90-100;;ONWAAR;ONWAAR;3;2;1;4;0;0;0;0;;1,47902
403;1/10/2013;2013;9;4;Begraasd, D;WD;ONWAAR;B;ONWAAR;;10;106;70-80;20-30;ONWAAR;ONWAAR;8;3;2;5;2;1;2;0;;2,368412
404;1/10/2013;2013;9;3;Excl, Centrum;WD;ONWAAR;NB;ONWAAR;;0;0;100;nvt;ONWAAR;ONWAAR;1;2;1;3;2;0;0;0;;1,053269
405;1/10/2013;2013;9;3;Excl, zone A;WD;ONWAAR;NB;ONWAAR;;0;0;80-90;1-5;ONWAAR;ONWAAR;40;23;11;14;20;21;12;9;;9,350802
406;1/10/2013;2013;9;3;Excl, zone B;WD;ONWAAR;NB;ONWAAR;;0;0;90-100;nvt;WAAR;ONWAAR;38;33;20;50;38;30;8;7;;14,22146
407;1/10/2013;2013;9;3;Excl, zone C;WD;ONWAAR;NB;ONWAAR;;0;0;90-100;nvt;WAAR;ONWAAR;31;22;16;18;26;8;5;6;;9
408;1/10/2013;2013;9;3;Excl, zone D;WD;ONWAAR;NB;ONWAAR;;0;0;90-100;nvt;ONWAAR;ONWAAR;81;31;28;17;12;14;10;98;;31,72908
409;1/10/2013;2013;9;3;Begraasd, A;WD;ONWAAR;B;ONWAAR;;11;200;90-100;nvt;ONWAAR;ONWAAR;2;4;1;2;4;0;0;0;;1,57619
410;1/10/2013;2013;9;3;Begraasd, B;WD;ONWAAR;B;ONWAAR;;10;272;100;nvt;ONWAAR;ONWAAR;36;47;15;14;6;17;64;84;;25,96121
411;1/10/2013;2013;9;3;Begraasd, C;WD;ONWAAR;B;ONWAAR;;10;6;90-100;1-5;WAAR;ONWAAR;72;74;110;35;8;10;26;16;;34,78662
412;1/10/2013;2013;9;3;Begraasd, D;WD;ONWAAR;B;ONWAAR;;10;90;50-60;30-40;ONWAAR;ONWAAR;4;4;2;1;4;6;3;3;;1,408678
414;1/10/2013;2013;9;2;Excl, Centrum;GB;ONWAAR;NB;ONWAAR;;0;0;100;nvt;WAAR;ONWAAR;6;7;2;3;4;2;3;3;;1,713914
415;1/10/2013;2013;9;2;Excl, zone A;GB;ONWAAR;NB;ONWAAR;;0;0;80-90;< 1;WAAR;ONWAAR;35;40;37;11;23;8;17;39;;12,27548
416;1/10/2013;2013;9;2;Excl, zone B;GB;ONWAAR;NB;ONWAAR;;0;0;;;ONWAAR;ONWAAR;0;0;0;0;0;0;0;0;;0
417;1/10/2013;2013;9;2;Excl, zone C;GB;ONWAAR;NB;ONWAAR;;0;0;70-80;< 1;WAAR;ONWAAR;90;37;32;28;95;67;37;42;;25,06492
418;1/10/2013;2013;9;2;Excl, zone D;GB;ONWAAR;NB;ONWAAR;;0;0;70-80;;WAAR;ONWAAR;44;50;53;25;36;29;18;37;;11,41271
419;1/10/2013;2013;9;2;Begraasd, A;GB;ONWAAR;B;ONWAAR;;10;130;100;nvt;ONWAAR;ONWAAR;6;4;2;4;5;3;0;0;;2,061553
420;1/10/2013;2013;9;2;Begraasd, B;GB;ONWAAR;B;ONWAAR;;11;262;90-100;nvt;ONWAAR;ONWAAR;9;11;14;10;70;4;4;5;;20,73305
421;1/10/2013;2013;9;2;Begraasd, C;GB;ONWAAR;B;ONWAAR;;9;330;90-100;nvt;ONWAAR;ONWAAR;4;3;5;4;37;11;4;5;;10,787
422;1/10/2013;2013;9;2;Begraasd, D;GB;ONWAAR;B;ONWAAR;;7;41;70-80;nvt;WAAR;ONWAAR;52;16;13;22;13;28;32;3;;14,11504
423;1/10/2013;2013;9;1;Excl, Centrum;GB;ONWAAR;NB;ONWAAR;;0;0;100;nvt;ONWAAR;ONWAAR;4;3;6;4;3;3;2;2;;1,218349
424;1/10/2013;2013;9;1;Excl, zone A;GB;ONWAAR;NB;ONWAAR;;0;0;100;nvt;ONWAAR;ONWAAR;60;63;13;49;17;22;45;55;;18,84144
425;1/10/2013;2013;9;1;Excl, zone B;GB;ONWAAR;NB;ONWAAR;;0;0;90-100;nvt;ONWAAR;ONWAAR;61;13;14;33;56;35;62;3;;21,7884
426;1/10/2013;2013;9;1;Excl, zone C;GB;ONWAAR;NB;ONWAAR;;0;0;90-100;nvt;ONWAAR;ONWAAR;42;86;21;23;25;14;16;16;;22,58837
427;1/10/2013;2013;9;1;Excl, zone D;GB;ONWAAR;NB;ONWAAR;;0;0;100;nvt;ONWAAR;ONWAAR;60;21;26;12;2;8;6;26;;17,32367
428;1/10/2013;2013;9;1;Begraasd, A;GB;ONWAAR;B;ONWAAR;;8;150;100;nvt;ONWAAR;ONWAAR;18;25;50;43;51;53;47;16;;14,56398
429;1/10/2013;2013;9;1;Begraasd, B;GB;ONWAAR;B;ONWAAR;;7;260;100;nvt;ONWAAR;ONWAAR;15;3;4;4;2;3;2;3;;4,031129
430;1/10/2013;2013;9;1;Begraasd, C;GB;ONWAAR;B;ONWAAR;;8;340;100;nvt;ONWAAR;ONWAAR;46;11;12;16;32;3;2;2;;14,81553
431;1/10/2013;2013;9;1;Begraasd, D;GB;ONWAAR;B;ONWAAR;;8;62;100;nvt;ONWAAR;ONWAAR;51;45;13;20;18;28;47;19;;14,19892
434;28/08/2013;2013;8;5;Excl, zone A;LV;WAAR;NB;ONWAAR;;0;0;90-100;1-5;ONWAAR;ONWAAR;0;0;0;0;0;0;0;0;;0
435;30/07/2013;2013;7;3;Excl, zone A;WD;ONWAAR;NB;ONWAAR;;0;0;70-80;20-30;ONWAAR;ONWAAR;0;0;0;0;0;0;0;0;;0
436;30/07/2013;2013;7;1;Excl, zone D;GB;WAAR;;ONWAAR;;0;0;100;< 1;ONWAAR;ONWAAR;72;65;45;53;38;32;15;17;;19,5
