"";"EXC_ID";"BEH_TYP";"M";"Y";"VEG_TYP";"ADF";"LIG";"DS_105";"N_DS";"NDF";"RE_NIR";"RE_NATCHEM";"VOCHT_105";"HEMCEL";"CEL";"prt_DS";"yearlocation";"monthlocation";"obs_M_Y";"datelocation";"EXC_ID_BEH_TYP"
"1";"LV1";"EXC";"jun";"2013";"S";83,29;19,88;823,21;21,88;131,67;9,33;13,69;176,79;48,38;63,41;82,321;"LV1 2013";"LV1 jun";"jun 2013";"LV1 jun 2013";"LV1 EXC"
"2";"GB2";"BGR";"aug";"2011";"P";72,57;12,83;819,32;40,79;130,75;22,28;25,5;180,68;58,18;59,74;81,932;"GB2 2011";"GB2 aug";"aug 2011";"GB2 aug 2011";"GB2 BGR"
"3";"GB2";"BGR";"aug";"2011";"S";84,27;20,46;819,08;27,6;137,59;13,79;17,25;180,92;53,32;63,81;81,908;"GB2 2011";"GB2 aug";"aug 2011";"GB2 aug 2011";"GB2 BGR"
"4";"GB2";"EXC";"jun";"2011";"P";75,08;13,47;817,57;34,5;133,43;19,56;21,56;182,43;58,35;61,61;81,757;"GB2 2011";"GB2 jun";"jun 2011";"GB2 jun 2011";"GB2 EXC"
"5";"GB2";"BGR";"jun";"2011";"P";75,18;14,12;815,74;44,34;134,52;24,03;27,69;184,26;59,34;61,06;81,574;"GB2 2011";"GB2 jun";"jun 2011";"GB2 jun 2011";"GB2 BGR"
"6";"LV2";"EXC";"jun";"2011";"P";59,89;13,76;809,27;75,83;113,44;42,42;47,38;190,73;53,55;46,13;80,927;"LV2 2011";"LV2 jun";"jun 2011";"LV2 jun 2011";"LV2 EXC"
"7";"GB1";"BGR";"sep";"2011";"A";NA;NA;1000;18,16;NA;NA;11,38;0;NA;NA;100;"GB1 2011";"GB1 sep";"sep 2011";"GB1 sep 2011";"GB1 BGR"
"8";"GB1";"BGR";"sep";"2011";"S";NA;NA;1000;14,26;NA;NA;8,94;0;NA;NA;100;"GB1 2011";"GB1 sep";"sep 2011";"GB1 sep 2011";"GB1 BGR"
"9";"GB1";"BGR";"jun";"2013";"S";NA;NA;1000;12,22;NA;NA;7,63;0;NA;NA;100;"GB1 2013";"GB1 jun";"jun 2013";"GB1 jun 2013";"GB1 BGR"
"10";"GB1";"EXC";"jun";"2011";"A";NA;NA;1000;35,78;NA;NA;22,38;0;NA;NA;100;"GB1 2011";"GB1 jun";"jun 2011";"GB1 jun 2011";"GB1 EXC"
"11";"GB1";"EXC";"sep";"2011";"S";40,56;6,8;1000;16,08;69,25;9,86;10,06;0;28,69;33,76;100;"GB1 2011";"GB1 sep";"sep 2011";"GB1 sep 2011";"GB1 EXC"
"12";"GB2";"BGR";"jun";"2013";"A";NA;NA;1000;21,33;NA;NA;13,31;0;NA;NA;100;"GB2 2013";"GB2 jun";"jun 2013";"GB2 jun 2013";"GB2 BGR"
"13";"LV2";"BGR";"jun";"2013";"F";NA;NA;1000;16,4;NA;NA;10,25;0;NA;NA;100;"LV2 2013";"LV2 jun";"jun 2013";"LV2 jun 2013";"LV2 BGR"
"14";"WD2";"BGR";"jun";"2013";"H";NA;NA;1000;14,51;NA;NA;9,06;0;NA;NA;100;"WD2 2013";"WD2 jun";"jun 2013";"WD2 jun 2013";"WD2 BGR"
"15";"GB1";"EXC";"aug";"2011";"S";NA;NA;941,38;NA;NA;NA;NA;58,62;NA;NA;94,138;"GB1 2011";"GB1 aug";"aug 2011";"GB1 aug 2011";"GB1 EXC"
"16";"WD2";"EXC";"jul";"2013";"F";NA;NA;928,16;NA;NA;NA;NA;71,84;NA;NA;92,816;"WD2 2013";"WD2 jul";"jul 2013";"WD2 jul 2013";"WD2 EXC"
"17";"LV2";"BGR";"aug";"2013";"A";NA;NA;925,96;NA;NA;NA;NA;74,04;NA;NA;92,596;"LV2 2013";"LV2 aug";"aug 2013";"LV2 aug 2013";"LV2 BGR"
"18";"LV1";"BGR";"aug";"2013";"H";36,48;16,35;921,41;NA;51,89;8,74;NA;78,59;15,41;20,13;92,141;"LV1 2013";"LV1 aug";"aug 2013";"LV1 aug 2013";"LV1 BGR"
"19";"GB2";"EXC";"aug";"2013";"F";42,69;5,06;920,99;NA;71,2;8,48;NA;79,01;28,51;37,63;92,099;"GB2 2013";"GB2 aug";"aug 2013";"GB2 aug 2013";"GB2 EXC"
"20";"GB2";"BGR";"aug";"2013";"S";44,21;9,82;918,8;NA;70,49;4,73;NA;81,2;26,28;34,39;91,88;"GB2 2013";"GB2 aug";"aug 2013";"GB2 aug 2013";"GB2 BGR"
"21";"WD2";"EXC";"jul";"2013";"P";48,96;7,44;918,51;7,5;76,71;3,97;4,69;81,49;27,75;41,52;91,851;"WD2 2013";"WD2 jul";"jul 2013";"WD2 jul 2013";"WD2 EXC"
"22";"WD1";"BGR";"jul";"2013";"P";42,79;6,77;917,82;9,06;72,03;5,13;5,69;82,18;29,24;36,02;91,782;"WD1 2013";"WD1 jul";"jul 2013";"WD1 jul 2013";"WD1 BGR"
"23";"WD2";"EXC";"aug";"2013";"S";43,02;9,24;917,62;10,8;69,6;4,41;6,75;82,38;26,58;33,78;91,762;"WD2 2013";"WD2 aug";"aug 2013";"WD2 aug 2013";"WD2 EXC"
"24";"WD1";"EXC";"aug";"2013";"S";46,58;8,15;917,54;6,94;74,61;3,54;4,31;82,46;28,03;38,43;91,754;"WD1 2013";"WD1 aug";"aug 2013";"WD1 aug 2013";"WD1 EXC"
"25";"WD2";"EXC";"aug";"2013";"P";45,96;6,22;917,5;6,73;75,29;3,22;4,19;82,5;29,33;39,74;91,75;"WD2 2013";"WD2 aug";"aug 2013";"WD2 aug 2013";"WD2 EXC"
"26";"WD1";"EXC";"jul";"2013";"P";48,55;7,14;917,02;6,2;77,59;3,33;3,88;82,98;29,04;41,41;91,702;"WD1 2013";"WD1 jul";"jul 2013";"WD1 jul 2013";"WD1 EXC"
"27";"LV2";"BGR";"jun";"2013";"S";47,54;9,26;916,83;6,6;73,94;3,01;4,13;83,17;26,4;38,28;91,683;"LV2 2013";"LV2 jun";"jun 2013";"LV2 jun 2013";"LV2 BGR"
"28";"WD2";"EXC";"jul";"2013";"S";48,05;9,7;916,8;6,16;74,14;3,24;3,88;83,2;26,09;38,35;91,68;"WD2 2013";"WD2 jul";"jul 2013";"WD2 jul 2013";"WD2 EXC"
"29";"LV1";"BGR";"jul";"2013";"P";41,27;6,95;916,47;6,11;70,31;9,85;3,81;83,53;29,04;34,32;91,647;"LV1 2013";"LV1 jul";"jul 2013";"LV1 jul 2013";"LV1 BGR"
"30";"LV1";"BGR";"aug";"2013";"S";43,41;6,44;916,14;8,65;71,22;4,53;5,38;83,86;27,81;36,97;91,614;"LV1 2013";"LV1 aug";"aug 2013";"LV1 aug 2013";"LV1 BGR"
"31";"LV2";"EXC";"aug";"2013";"P";43,4;6,39;915,99;8,73;72,35;4,51;5,44;84,01;28,95;37,01;91,599;"LV2 2013";"LV2 aug";"aug 2013";"LV2 aug 2013";"LV2 EXC"
"32";"LV1";"BGR";"aug";"2013";"P";41,14;6,62;915,43;10,7;69,31;5,98;6,69;84,57;28,17;34,52;91,543;"LV1 2013";"LV1 aug";"aug 2013";"LV1 aug 2013";"LV1 BGR"
"33";"LV2";"BGR";"jul";"2013";"S";45,2;8,62;915,43;6,05;73,33;3,17;3,75;84,57;28,13;36,58;91,543;"LV2 2013";"LV2 jul";"jul 2013";"LV2 jul 2013";"LV2 BGR"
"34";"LV2";"EXC";"aug";"2013";"S";44,65;9,01;915,23;8,25;70,77;3,47;5,13;84,77;26,12;35,64;91,523;"LV2 2013";"LV2 aug";"aug 2013";"LV2 aug 2013";"LV2 EXC"
"35";"LV1";"EXC";"aug";"2013";"P";42,72;6,74;915,2;9,12;71,33;5,38;5,69;84,8;28,61;35,98;91,52;"LV1 2013";"LV1 aug";"aug 2013";"LV1 aug 2013";"LV1 EXC"
"36";"LV1";"BGR";"jun";"2013";"S";45,27;10,1;915,14;6,3;70,98;4,21;3,94;84,86;25,71;35,17;91,514;"LV1 2013";"LV1 jun";"jun 2013";"LV1 jun 2013";"LV1 BGR"
"37";"LV2";"BGR";"jul";"2013";"P";41,12;9,96;915,09;8,68;69,04;5,77;5,44;84,91;27,92;31,16;91,509;"LV2 2013";"LV2 jul";"jul 2013";"LV2 jul 2013";"LV2 BGR"
"38";"WD1";"BGR";"aug";"2013";"P";41,68;5,34;915,08;10,71;71,1;5,61;6,69;84,92;29,42;36,34;91,508;"WD1 2013";"WD1 aug";"aug 2013";"WD1 aug 2013";"WD1 BGR"
"39";"LV1";"EXC";"jul";"2013";"P";39,85;6,5;914,85;11,81;68,03;7,82;7,38;85,15;28,18;33,35;91,485;"LV1 2013";"LV1 jul";"jul 2013";"LV1 jul 2013";"LV1 EXC"
"40";"LV2";"EXC";"jul";"2013";"P";38,79;5,79;914,76;10,69;67,47;5,85;6,69;85,24;28,68;33;91,476;"LV2 2013";"LV2 jul";"jul 2013";"LV2 jul 2013";"LV2 EXC"
"41";"LV2";"EXC";"sep";"2013";"P";40,54;6,77;914,61;9,71;67,77;5,14;6,06;85,39;27,23;33,77;91,461;"LV2 2013";"LV2 sep";"sep 2013";"LV2 sep 2013";"LV2 EXC"
"42";"LV2";"BGR";"jun";"2013";"P";42;6,96;914,6;10,81;70,53;7,14;6,75;85,4;28,53;35,04;91,46;"LV2 2013";"LV2 jun";"jun 2013";"LV2 jun 2013";"LV2 BGR"
"43";"LV2";"EXC";"jun";"2013";"P";45,08;6,86;914,42;11,34;73,37;6,64;7,06;85,58;28,29;38,22;91,442;"LV2 2013";"LV2 jun";"jun 2013";"LV2 jun 2013";"LV2 EXC"
"44";"WD2";"BGR";"jun";"2013";"S";48,65;8,86;914,36;6,38;78;2,9;4;85,64;29,35;39,79;91,436;"WD2 2013";"WD2 jun";"jun 2013";"WD2 jun 2013";"WD2 BGR"
"45";"WD1";"EXC";"jul";"2013";"S";43,11;8,63;914,28;7,12;69,47;3,69;4,44;85,72;26,36;34,48;91,428;"WD1 2013";"WD1 jul";"jul 2013";"WD1 jul 2013";"WD1 EXC"
"46";"WD2";"EXC";"sep";"2013";"P";44,49;7,16;914,19;7,66;72,56;4,7;4,81;85,81;28,07;37,33;91,419;"WD2 2013";"WD2 sep";"sep 2013";"WD2 sep 2013";"WD2 EXC"
"47";"GB2";"EXC";"jul";"2013";"F";38,93;10,7;913,8;17,01;63,9;8,39;10,63;86,2;24,97;28,23;91,38;"GB2 2013";"GB2 jul";"jul 2013";"GB2 jul 2013";"GB2 EXC"
"48";"LV2";"BGR";"aug";"2013";"S";43,17;10,06;913,8;8,98;69,22;4,22;5,63;86,2;26,05;33,11;91,38;"LV2 2013";"LV2 aug";"aug 2013";"LV2 aug 2013";"LV2 BGR"
"49";"GB2";"BGR";"jun";"2011";"S";43,4;10,05;913,79;12,16;69,96;6,44;7,63;86,21;26,56;33,35;91,379;"GB2 2011";"GB2 jun";"jun 2011";"GB2 jun 2011";"GB2 BGR"
"50";"WD1";"EXC";"sep";"2013";"P";41,89;7,07;913,59;8,42;70,91;5,96;5,25;86,41;29,02;34,82;91,359;"WD1 2013";"WD1 sep";"sep 2013";"WD1 sep 2013";"WD1 EXC"
"51";"LV2";"EXC";"jun";"2013";"S";45,55;8,38;913,48;6,63;73,52;3,3;4,13;86,52;27,97;37,17;91,348;"LV2 2013";"LV2 jun";"jun 2013";"LV2 jun 2013";"LV2 EXC"
"52";"WD2";"EXC";"sep";"2011";"S";NA;NA;913,31;9,72;NA;NA;6,06;86,69;NA;NA;91,331;"WD2 2011";"WD2 sep";"sep 2011";"WD2 sep 2011";"WD2 EXC"
"53";"GB2";"BGR";"jul";"2013";"P";37,88;7,22;913,22;12,22;66,73;8,27;7,63;86,78;28,85;30,66;91,322;"GB2 2013";"GB2 jul";"jul 2013";"GB2 jul 2013";"GB2 BGR"
"54";"LV2";"EXC";"jul";"2013";"S";41,64;8,15;913,22;7,27;69,24;4,18;4,56;86,78;27,6;33,49;91,322;"LV2 2013";"LV2 jul";"jul 2013";"LV2 jul 2013";"LV2 EXC"
"55";"WD1";"BGR";"aug";"2013";"S";44,03;8,32;913,18;7,22;69,56;3,27;4,5;86,82;25,53;35,71;91,318;"WD1 2013";"WD1 aug";"aug 2013";"WD1 aug 2013";"WD1 BGR"
"56";"LV1";"EXC";"aug";"2013";"S";41,01;11,27;912,41;12,04;65,49;5,73;7,5;87,59;24,48;29,74;91,241;"LV1 2013";"LV1 aug";"aug 2013";"LV1 aug 2013";"LV1 EXC"
"57";"LV2";"EXC";"aug";"2011";"P";35,91;6,62;912,4;14,83;63,98;11,21;9,25;87,6;28,07;29,29;91,24;"LV2 2011";"LV2 aug";"aug 2011";"LV2 aug 2011";"LV2 EXC"
"58";"LV1";"EXC";"aug";"2011";"P";36,22;5,97;912,17;23,37;64,53;13,7;14,63;87,83;28,31;30,25;91,217;"LV1 2011";"LV1 aug";"aug 2011";"LV1 aug 2011";"LV1 EXC"
"59";"LV1";"BGR";"jul";"2013";"S";43,89;9,93;912,05;7,57;70,13;4,17;4,75;87,95;26,24;33,96;91,205;"LV1 2013";"LV1 jul";"jul 2013";"LV1 jul 2013";"LV1 BGR"
"60";"GB2";"EXC";"jun";"2011";"S";42,26;9,76;911,93;11,01;68,89;5,47;6,88;88,07;26,63;32,5;91,193;"GB2 2011";"GB2 jun";"jun 2011";"GB2 jun 2011";"GB2 EXC"
"61";"GB2";"BGR";"aug";"2013";"P";40,85;6,21;911,8;11,15;68,69;6,44;7;88,2;27,84;34,64;91,18;"GB2 2013";"GB2 aug";"aug 2013";"GB2 aug 2013";"GB2 BGR"
"62";"LV1";"EXC";"sep";"2013";"P";40,83;6,49;911,78;9,99;69,58;5,62;6,25;88,22;28,75;34,34;91,178;"LV1 2013";"LV1 sep";"sep 2013";"LV1 sep 2013";"LV1 EXC"
"63";"WD1";"BGR";"jun";"2013";"S";43,54;8,74;911,77;7,23;67,87;3,07;4,5;88,23;24,33;34,8;91,177;"WD1 2013";"WD1 jun";"jun 2013";"WD1 jun 2013";"WD1 BGR"
"64";"GB2";"EXC";"aug";"2011";"P";40,06;7,48;911,69;17,8;68,89;10,12;11,13;88,31;28,83;32,58;91,169;"GB2 2011";"GB2 aug";"aug 2011";"GB2 aug 2011";"GB2 EXC"
"65";"LV2";"EXC";"sep";"2013";"S";40,45;8,95;911,62;9,66;66,01;4,83;6,06;88,38;25,56;31,5;91,162;"LV2 2013";"LV2 sep";"sep 2013";"LV2 sep 2013";"LV2 EXC"
"66";"LV1";"EXC";"jul";"2013";"S";40,18;9,38;911,55;9,97;65,69;5,03;6,25;88,45;25,51;30,8;91,155;"LV1 2013";"LV1 jul";"jul 2013";"LV1 jul 2013";"LV1 EXC"
"67";"GB2";"EXC";"jul";"2013";"P";37,11;6,23;911,39;15,24;65,89;9,29;9,5;88,61;28,78;30,88;91,139;"GB2 2013";"GB2 jul";"jul 2013";"GB2 jul 2013";"GB2 EXC"
"68";"GB2";"EXC";"aug";"2013";"S";37,03;9,76;911,35;16,15;59,69;7,37;10,06;88,65;22,66;27,27;91,135;"GB2 2013";"GB2 aug";"aug 2013";"GB2 aug 2013";"GB2 EXC"
"69";"WD2";"EXC";"jun";"2013";"S";47,31;1,52;911,18;9,17;68,9;12,88;5,75;88,82;21,59;45,79;91,118;"WD2 2013";"WD2 jun";"jun 2013";"WD2 jun 2013";"WD2 EXC"
"70";"WD1";"EXC";"sep";"2013";"S";44,06;9,46;911,1;9,63;68,55;1,48;6;88,9;24,49;34,6;91,11;"WD1 2013";"WD1 sep";"sep 2013";"WD1 sep 2013";"WD1 EXC"
"71";"LV1";"BGR";"jul";"2013";"H";NA;NA;911,03;NA;NA;NA;NA;88,97;NA;NA;91,103;"LV1 2013";"LV1 jul";"jul 2013";"LV1 jul 2013";"LV1 BGR"
"72";"WD1";"BGR";"sep";"2013";"P";39,92;6,52;910,94;8,49;68,99;4,72;5,31;89,06;29,07;33,4;91,094;"WD1 2013";"WD1 sep";"sep 2013";"WD1 sep 2013";"WD1 BGR"
"73";"GB2";"EXC";"aug";"2013";"P";37,51;6,19;910,5;15,72;65,45;7,93;9,81;89,5;27,94;31,32;91,05;"GB2 2013";"GB2 aug";"aug 2013";"GB2 aug 2013";"GB2 EXC"
"74";"WD2";"EXC";"sep";"2011";"P";NA;NA;910,48;16,19;NA;NA;10,13;89,52;NA;NA;91,048;"WD2 2011";"WD2 sep";"sep 2011";"WD2 sep 2011";"WD2 EXC"
"75";"LV1";"BGR";"jun";"2013";"P";41,33;6,66;910,46;13,73;69,43;8,88;8,56;89,54;28,1;34,67;91,046;"LV1 2013";"LV1 jun";"jun 2013";"LV1 jun 2013";"LV1 BGR"
"76";"WD1";"EXC";"aug";"2013";"P";37,16;5,4;910,28;13,84;66,13;8,07;8,63;89,72;28,97;31,76;91,028;"WD1 2013";"WD1 aug";"aug 2013";"WD1 aug 2013";"WD1 EXC"
"77";"GB2";"BGR";"jul";"2013";"S";40;12,03;910,17;14,03;64,37;7,37;8,75;89,83;24,37;27,97;91,017;"GB2 2013";"GB2 jul";"jul 2013";"GB2 jul 2013";"GB2 BGR"
"78";"LV1";"BGR";"sep";"2011";"P";42,59;8,07;910,12;12,07;70,26;8,03;7,56;89,88;27,67;34,52;91,012;"LV1 2011";"LV1 sep";"sep 2011";"LV1 sep 2011";"LV1 BGR"
"79";"WD1";"BGR";"jul";"2013";"S";43,57;9,99;910,06;9,34;70,91;5,21;5,81;89,94;27,34;33,58;91,006;"WD1 2013";"WD1 jul";"jul 2013";"WD1 jul 2013";"WD1 BGR"
"80";"LV2";"BGR";"aug";"2013";"H";45,4;26,88;909,98;NA;52,19;6,54;NA;90,02;6,79;18,52;90,998;"LV2 2013";"LV2 aug";"aug 2013";"LV2 aug 2013";"LV2 BGR"
"81";"LV1";"EXC";"jun";"2013";"P";46,17;7,69;909,92;10,1;74,68;6,43;6,31;90,08;28,51;38,48;90,992;"LV1 2013";"LV1 jun";"jun 2013";"LV1 jun 2013";"LV1 EXC"
"82";"LV1";"EXC";"sep";"2011";"P";40,95;6,78;909,56;16,49;70,68;9,53;10,31;90,44;29,73;34,17;90,956;"LV1 2011";"LV1 sep";"sep 2011";"LV1 sep 2011";"LV1 EXC"
"83";"WD1";"EXC";"aug";"2013";"H";35,97;19,86;909,39;10,74;47,16;5,96;6,69;90,61;11,19;16,11;90,939;"WD1 2013";"WD1 aug";"aug 2013";"WD1 aug 2013";"WD1 EXC"
"84";"WD1";"EXC";"aug";"2011";"P";34,44;5,87;909,36;22,87;62,8;13,42;14,31;90,64;28,36;28,57;90,936;"WD1 2011";"WD1 aug";"aug 2011";"WD1 aug 2011";"WD1 EXC"
"85";"GB1";"EXC";"jul";"2013";"F";35,35;5,6;909,33;10,85;61,89;6,25;6,81;90,67;26,54;29,75;90,933;"GB1 2013";"GB1 jul";"jul 2013";"GB1 jul 2013";"GB1 EXC"
"86";"LV2";"BGR";"aug";"2011";"P";34,15;5,74;909,32;26,4;61,57;15,81;16,5;90,68;27,42;28,41;90,932;"LV2 2011";"LV2 aug";"aug 2011";"LV2 aug 2011";"LV2 BGR"
"87";"WD1";"EXC";"jun";"2013";"S";40,27;8,37;909,28;8,73;64,95;3,47;5,44;90,72;24,68;31,9;90,928;"WD1 2013";"WD1 jun";"jun 2013";"WD1 jun 2013";"WD1 EXC"
"88";"WD2";"EXC";"jul";"2013";"H";33,73;16,93;909,26;9,59;45,11;5,15;6;90,74;11,38;16,8;90,926;"WD2 2013";"WD2 jul";"jul 2013";"WD2 jul 2013";"WD2 EXC"
"89";"GB1";"BGR";"jul";"2013";"F";34,04;7;909,25;15,12;60,49;8,71;9,44;90,75;26,45;27,04;90,925;"GB1 2013";"GB1 jul";"jul 2013";"GB1 jul 2013";"GB1 BGR"
"90";"GB2";"EXC";"jun";"2013";"S";38,81;9,79;909,24;24,69;63,48;5,6;15,44;90,76;24,67;29,02;90,924;"GB2 2013";"GB2 jun";"jun 2013";"GB2 jun 2013";"GB2 EXC"
"91";"LV2";"BGR";"sep";"2013";"P";41,18;6,75;909,1;9,12;68,08;5,26;5,69;90,9;26,9;34,43;90,91;"LV2 2013";"LV2 sep";"sep 2013";"LV2 sep 2013";"LV2 BGR"
"92";"GB1";"EXC";"aug";"2013";"S";35,48;9,84;908,88;12,44;55,32;7,58;7,75;91,12;19,84;25,64;90,888;"GB1 2013";"GB1 aug";"aug 2013";"GB1 aug 2013";"GB1 EXC"
"93";"GB2";"BGR";"aug";"2011";"F";37,2;9,59;908,75;16,71;62,12;9,95;10,44;91,25;24,92;27,61;90,875;"GB2 2011";"GB2 aug";"aug 2011";"GB2 aug 2011";"GB2 BGR"
"94";"WD2";"EXC";"aug";"2013";"H";35,93;17,77;908,67;11,64;49,28;6,24;7,25;91,33;13,35;18,16;90,867;"WD2 2013";"WD2 aug";"aug 2013";"WD2 aug 2013";"WD2 EXC"
"95";"GB2";"EXC";"jul";"2013";"S";38,13;11,03;908,66;13,15;58,85;7,36;8,25;91,34;20,72;27,1;90,866;"GB2 2013";"GB2 jul";"jul 2013";"GB2 jul 2013";"GB2 EXC"
"96";"GB2";"EXC";"jun";"2011";"F";39,33;7,08;908,64;16,04;67,32;8,06;10;91,36;27,99;32,25;90,864;"GB2 2011";"GB2 jun";"jun 2011";"GB2 jun 2011";"GB2 EXC"
"97";"WD2";"EXC";"aug";"2011";"P";33,91;5,91;908,31;30,62;63,1;17,17;19,13;91,69;29,19;28;90,831;"WD2 2011";"WD2 aug";"aug 2011";"WD2 aug 2011";"WD2 EXC"
"98";"WD1";"BGR";"aug";"2011";"P";34,26;6,13;908,29;21,29;63,03;15,56;13,31;91,71;28,77;28,13;90,829;"WD1 2011";"WD1 aug";"aug 2011";"WD1 aug 2011";"WD1 BGR"
"99";"GB2";"EXC";"aug";"2011";"F";40,31;7,03;908,23;18,66;68,84;9,88;11,69;91,77;28,53;33,28;90,823;"GB2 2011";"GB2 aug";"aug 2011";"GB2 aug 2011";"GB2 EXC"
"100";"WD2";"EXC";"sep";"2013";"S";37,95;9,45;908,12;12,23;55,01;1,78;7,63;91,88;17,06;28,5;90,812;"WD2 2013";"WD2 sep";"sep 2013";"WD2 sep 2013";"WD2 EXC"
"101";"WD2";"EXC";"aug";"2013";"A";33,51;16,38;908,07;10,9;47,08;6,93;6,81;91,93;13,57;17,13;90,807;"WD2 2013";"WD2 aug";"aug 2013";"WD2 aug 2013";"WD2 EXC"
"102";"WD2";"EXC";"jun";"2013";"P";40,05;7,55;907,97;16,44;68,34;9,3;10,25;92,03;28,29;32,5;90,797;"WD2 2013";"WD2 jun";"jun 2013";"WD2 jun 2013";"WD2 EXC"
"103";"LV2";"EXC";"sep";"2011";"P";40,08;6,51;907,91;13,4;69,16;7,94;8,38;92,09;29,08;33,57;90,791;"LV2 2011";"LV2 sep";"sep 2011";"LV2 sep 2011";"LV2 EXC"
"104";"LV2";"BGR";"aug";"2013";"P";34,25;6,4;907,8;8,12;65,4;4,79;5,06;92,2;31,15;27,85;90,78;"LV2 2013";"LV2 aug";"aug 2013";"LV2 aug 2013";"LV2 BGR"
"105";"WD2";"EXC";"jun";"2011";"P";31,77;7,37;907,78;39,28;58,59;21,58;24,56;92,22;26,82;24,4;90,778;"WD2 2011";"WD2 jun";"jun 2011";"WD2 jun 2011";"WD2 EXC"
"106";"LV2";"EXC";"aug";"2013";"H";44,73;22,06;907,43;8,86;56,86;5,49;5,56;92,57;12,13;22,67;90,743;"LV2 2013";"LV2 aug";"aug 2013";"LV2 aug 2013";"LV2 EXC"
"107";"GB2";"BGR";"sep";"2011";"P";40,99;7,35;907,29;12,09;69,74;6,53;7,56;92,71;28,75;33,64;90,729;"GB2 2011";"GB2 sep";"sep 2011";"GB2 sep 2011";"GB2 BGR"
"108";"GB2";"BGR";"sep";"2013";"S";39,31;9,73;907,25;15,05;64,83;6,78;9,44;92,75;25,52;29,58;90,725;"GB2 2013";"GB2 sep";"sep 2013";"GB2 sep 2013";"GB2 BGR"
"109";"GB1";"BGR";"aug";"2013";"F";32,53;6,14;907,19;14,21;59,56;8,68;8,88;92,81;27,03;26,39;90,719;"GB1 2013";"GB1 aug";"aug 2013";"GB1 aug 2013";"GB1 BGR"
"110";"GB2";"BGR";"jun";"2013";"S";38,94;9,61;907,14;13,03;63,55;6,97;8,13;92,86;24,61;29,33;90,714;"GB2 2013";"GB2 jun";"jun 2013";"GB2 jun 2013";"GB2 BGR"
"111";"WD1";"EXC";"sep";"2011";"P";40,95;6,48;907,12;12,1;70,18;7,36;7,56;92,88;29,23;34,47;90,712;"WD1 2011";"WD1 sep";"sep 2011";"WD1 sep 2011";"WD1 EXC"
"112";"WD1";"EXC";"aug";"2013";"A";33,57;16,67;907,08;NA;46,6;7,84;NA;92,92;13,03;16,9;90,708;"WD1 2013";"WD1 aug";"aug 2013";"WD1 aug 2013";"WD1 EXC"
"113";"LV1";"BGR";"aug";"2011";"P";37,2;7,72;907,07;24,69;67,09;13,53;15,44;92,93;29,89;29,48;90,707;"LV1 2011";"LV1 aug";"aug 2011";"LV1 aug 2011";"LV1 BGR"
"114";"GB1";"EXC";"jul";"2013";"S";36;9,74;907,06;15,39;59,57;7,29;9,63;92,94;23,57;26,26;90,706;"GB1 2013";"GB1 jul";"jul 2013";"GB1 jul 2013";"GB1 EXC"
"115";"GB2";"EXC";"sep";"2011";"S";40,78;10,4;906,97;11,42;65,78;6,51;7,13;93,03;25;30,38;90,697;"GB2 2011";"GB2 sep";"sep 2011";"GB2 sep 2011";"GB2 EXC"
"116";"WD1";"BGR";"sep";"2011";"P";37,74;6,48;906,78;16,88;66,11;10,28;10,56;93,22;28,37;31,26;90,678;"WD1 2011";"WD1 sep";"sep 2011";"WD1 sep 2011";"WD1 BGR"
"117";"LV2";"EXC";"sep";"2013";"H";35,13;18,1;906,59;10,65;47,48;6,26;6,63;93,41;12,35;17,03;90,659;"LV2 2013";"LV2 sep";"sep 2013";"LV2 sep 2013";"LV2 EXC"
"118";"WD1";"EXC";"jul";"2013";"H";44,57;24,04;906,38;9,69;54,7;6,05;6,06;93,62;10,13;20,53;90,638;"WD1 2013";"WD1 jul";"jul 2013";"WD1 jul 2013";"WD1 EXC"
"119";"WD1";"BGR";"sep";"2013";"S";42,1;10,19;906,25;7,36;69,27;4,93;4,63;93,75;27,17;31,91;90,625;"WD1 2013";"WD1 sep";"sep 2013";"WD1 sep 2013";"WD1 BGR"
"120";"LV2";"BGR";"sep";"2013";"S";40,51;9,58;906,02;12,42;67,75;6,05;7,75;93,98;27,24;30,93;90,602;"LV2 2013";"LV2 sep";"sep 2013";"LV2 sep 2013";"LV2 BGR"
"121";"LV2";"BGR";"sep";"2011";"P";39,53;6,85;905,92;14,02;67,61;7,97;8,75;94,08;28,08;32,68;90,592;"LV2 2011";"LV2 sep";"sep 2011";"LV2 sep 2011";"LV2 BGR"
"122";"GB2";"BGR";"jun";"2011";"F";36,21;7,11;905,87;22,39;63,03;12,01;14;94,13;26,82;29,1;90,587;"GB2 2011";"GB2 jun";"jun 2011";"GB2 jun 2011";"GB2 BGR"
"123";"GB1";"BGR";"sep";"2013";"F";37,37;7,67;905,79;14,11;64,05;7,46;8,81;94,21;26,68;29,7;90,579;"GB1 2013";"GB1 sep";"sep 2013";"GB1 sep 2013";"GB1 BGR"
"124";"GB1";"BGR";"jun";"2011";"S";42,27;9,56;905,58;15,19;68,71;7,49;9,5;94,42;26,44;32,71;90,558;"GB1 2011";"GB1 jun";"jun 2011";"GB1 jun 2011";"GB1 BGR"
"125";"WD1";"EXC";"jun";"2013";"P";40,96;7,51;905,47;15,02;69,44;8,64;9,38;94,53;28,48;33,45;90,547;"WD1 2013";"WD1 jun";"jun 2013";"WD1 jun 2013";"WD1 EXC"
"126";"GB2";"EXC";"sep";"2013";"P";36,28;6,04;905,35;12,43;63,89;6,41;7,75;94,65;27,61;30,24;90,535;"GB2 2013";"GB2 sep";"sep 2013";"GB2 sep 2013";"GB2 EXC"
"127";"LV2";"BGR";"jul";"2013";"H";43,5;26,44;905,17;11,07;50,95;6,94;6,94;94,83;7,45;17,06;90,517;"LV2 2013";"LV2 jul";"jul 2013";"LV2 jul 2013";"LV2 BGR"
"128";"WD2";"EXC";"sep";"2013";"H";34,68;15,97;905,11;11,37;50,32;6,05;7,13;94,89;15,64;18,71;90,511;"WD2 2013";"WD2 sep";"sep 2013";"WD2 sep 2013";"WD2 EXC"
"129";"GB1";"EXC";"jun";"2011";"F";30,33;6,08;905,07;30,31;56,79;16,94;18,94;94,93;26,46;24,25;90,507;"GB1 2011";"GB1 jun";"jun 2011";"GB1 jun 2011";"GB1 EXC"
"130";"WD2";"EXC";"jun";"2013";"H";30,08;6,72;905;12,68;42,69;16,27;7,94;95;12,61;23,36;90,5;"WD2 2013";"WD2 jun";"jun 2013";"WD2 jun 2013";"WD2 EXC"
"131";"GB2";"EXC";"sep";"2013";"S";36,84;9,92;904,95;13,38;60,73;6,73;8,38;95,05;23,89;26,92;90,495;"GB2 2013";"GB2 sep";"sep 2013";"GB2 sep 2013";"GB2 EXC"
"132";"WD2";"BGR";"jun";"2013";"P";38,04;6,67;904,91;17,17;67,77;10,46;10,75;95,09;29,73;31,37;90,491;"WD2 2013";"WD2 jun";"jun 2013";"WD2 jun 2013";"WD2 BGR"
"133";"WD1";"EXC";"sep";"2013";"H";35,41;18,03;904,87;12,78;48,24;6,84;8;95,13;12,83;17,38;90,487;"WD1 2013";"WD1 sep";"sep 2013";"WD1 sep 2013";"WD1 EXC"
"134";"GB1";"EXC";"jun";"2013";"S";41,35;8,62;904,77;12,86;67,49;5,69;8,06;95,23;26,14;32,73;90,477;"GB1 2013";"GB1 jun";"jun 2013";"GB1 jun 2013";"GB1 EXC"
"135";"LV1";"EXC";"jul";"2013";"H";44,6;17,42;904,73;9,58;63,2;4,83;6;95,27;18,6;27,18;90,473;"LV1 2013";"LV1 jul";"jul 2013";"LV1 jul 2013";"LV1 EXC"
"136";"WD2";"BGR";"jun";"2011";"P";30,86;6,7;904,63;38,19;59,28;21,19;23,88;95,37;28,42;24,16;90,463;"WD2 2011";"WD2 jun";"jun 2011";"WD2 jun 2011";"WD2 BGR"
"137";"GB2";"BGR";"aug";"2011";"F";38,6;7,48;904,24;19,46;66,61;9,82;12,19;95,76;28,01;31,12;90,424;"GB2 2011";"GB2 aug";"aug 2011";"GB2 aug 2011";"GB2 BGR"
"138";"LV2";"EXC";"jul";"2013";"H";39,69;19,32;903,98;9,78;52,78;4,97;6,13;96,02;13,09;20,37;90,398;"LV2 2013";"LV2 jul";"jul 2013";"LV2 jul 2013";"LV2 EXC"
"139";"GB2";"EXC";"jun";"2013";"P";35,42;6,26;903,85;21,79;63,35;12,36;13,63;96,15;27,93;29,16;90,385;"GB2 2013";"GB2 jun";"jun 2013";"GB2 jun 2013";"GB2 EXC"
"140";"GB2";"BGR";"sep";"2011";"H";NA;NA;903,84;15,55;NA;NA;9,75;96,16;NA;NA;90,384;"GB2 2011";"GB2 sep";"sep 2011";"GB2 sep 2011";"GB2 BGR"
"141";"WD1";"BGR";"jun";"2013";"A";32,32;8,58;903,55;8,01;57,84;6,5;5;96,45;25,52;23,74;90,355;"WD1 2013";"WD1 jun";"jun 2013";"WD1 jun 2013";"WD1 BGR"
"142";"GB1";"EXC";"sep";"2013";"F";38,45;8,13;903,54;11,42;65,49;6,35;7,13;96,46;27,04;30,32;90,354;"GB1 2013";"GB1 sep";"sep 2013";"GB1 sep 2013";"GB1 EXC"
"143";"WD1";"BGR";"jun";"2011";"P";31,39;5,98;903,49;33,17;58,34;18,87;20,75;96,51;26,95;25,41;90,349;"WD1 2011";"WD1 jun";"jun 2011";"WD1 jun 2011";"WD1 BGR"
"144";"WD1";"EXC";"jul";"2013";"A";27,84;11,89;903,11;11,74;47,39;9,52;7,31;96,89;19,55;15,95;90,311;"WD1 2013";"WD1 jul";"jul 2013";"WD1 jul 2013";"WD1 EXC"
"145";"GB2";"EXC";"jun";"2013";"F";34,47;5,74;902,86;18,04;61,43;9,48;11,25;97,14;26,96;28,73;90,286;"GB2 2013";"GB2 jun";"jun 2013";"GB2 jun 2013";"GB2 EXC"
"146";"GB1";"EXC";"aug";"2013";"F";35,07;6,59;902,85;11,21;60,41;7,91;7;97,15;25,34;28,48;90,285;"GB1 2013";"GB1 aug";"aug 2013";"GB1 aug 2013";"GB1 EXC"
"147";"GB2";"EXC";"aug";"2011";"S";38,81;14,12;902,68;17,14;58,13;7,47;10,69;97,32;19,32;24,69;90,268;"GB2 2011";"GB2 aug";"aug 2011";"GB2 aug 2011";"GB2 EXC"
"148";"WD2";"EXC";"jul";"2013";"A";28,08;16,89;902,66;10,56;41,82;9,57;6,63;97,34;13,74;11,19;90,266;"WD2 2013";"WD2 jul";"jul 2013";"WD2 jul 2013";"WD2 EXC"
"149";"LV1";"BGR";"jun";"2011";"P";30,82;7,41;902,64;36,55;56,92;20,74;22,88;97,36;26,1;23,41;90,264;"LV1 2011";"LV1 jun";"jun 2011";"LV1 jun 2011";"LV1 BGR"
"150";"GB1";"BGR";"aug";"2013";"S";35,57;12,66;902,55;15,4;58,66;8,3;9,63;97,45;23,09;22,91;90,255;"GB1 2013";"GB1 aug";"aug 2013";"GB1 aug 2013";"GB1 BGR"
"151";"GB1";"EXC";"jun";"2013";"F";31,68;5,3;902,48;17,62;57,58;9,69;11;97,52;25,9;26,38;90,248;"GB1 2013";"GB1 jun";"jun 2013";"GB1 jun 2013";"GB1 EXC"
"152";"WD1";"EXC";"sep";"2013";"A";26,43;14,45;902,27;16,76;39,81;10,79;10,5;97,73;13,38;11,98;90,227;"WD1 2013";"WD1 sep";"sep 2013";"WD1 sep 2013";"WD1 EXC"
"153";"LV1";"EXC";"jun";"2013";"H";28,25;15,27;902,26;13,75;42,75;7,94;8,63;97,74;14,5;12,98;90,226;"LV1 2013";"LV1 jun";"jun 2013";"LV1 jun 2013";"LV1 EXC"
"154";"GB2";"BGR";"sep";"2013";"P";37,97;6,09;902,17;11,48;68,11;7;7,19;97,83;30,14;31,88;90,217;"GB2 2013";"GB2 sep";"sep 2013";"GB2 sep 2013";"GB2 BGR"
"155";"GB1";"EXC";"jun";"2011";"S";35,99;9,9;902,07;18,61;60,19;9,72;11,63;97,93;24,2;26,09;90,207;"GB1 2011";"GB1 jun";"jun 2011";"GB1 jun 2011";"GB1 EXC"
"156";"LV2";"BGR";"jun";"2013";"H";34,32;18,59;902;11,79;46,48;7,54;7,38;98;12,16;15,73;90,2;"LV2 2013";"LV2 jun";"jun 2013";"LV2 jun 2013";"LV2 BGR"
"157";"LV2";"EXC";"jun";"2013";"H";31,25;18,66;901,94;12,13;42,66;7,88;7,56;98,06;11,41;12,59;90,194;"LV2 2013";"LV2 jun";"jun 2013";"LV2 jun 2013";"LV2 EXC"
"158";"LV2";"BGR";"jun";"2011";"P";30,02;6,62;901,87;39,55;56,52;22,95;24,75;98,13;26,5;23,4;90,187;"LV2 2011";"LV2 jun";"jun 2011";"LV2 jun 2011";"LV2 BGR"
"159";"GB2";"EXC";"sep";"2011";"P";34,19;6,34;901,66;21,25;62,34;13,4;13,25;98,34;28,15;27,85;90,166;"GB2 2011";"GB2 sep";"sep 2011";"GB2 sep 2011";"GB2 EXC"
"160";"GB2";"BGR";"jun";"2013";"P";35,85;7,26;901,28;21,77;63,42;11,35;13,63;98,72;27,57;28,59;90,128;"GB2 2013";"GB2 jun";"jun 2013";"GB2 jun 2013";"GB2 BGR"
"161";"GB1";"BGR";"jun";"2011";"A";NA;NA;901,25;40,64;NA;NA;25,38;98,75;NA;NA;90,125;"GB1 2011";"GB1 jun";"jun 2011";"GB1 jun 2011";"GB1 BGR"
"162";"LV2";"BGR";"sep";"2013";"H";NA;NA;901,06;9,08;NA;NA;5,69;98,94;NA;NA;90,106;"LV2 2013";"LV2 sep";"sep 2013";"LV2 sep 2013";"LV2 BGR"
"163";"GB1";"EXC";"jun";"2013";"P";34,6;6,34;900,49;24,68;63,23;13,78;15,44;99,51;28,63;28,26;90,049;"GB1 2013";"GB1 jun";"jun 2013";"GB1 jun 2013";"GB1 EXC"
"164";"WD1";"BGR";"jun";"2013";"P";39,07;6,32;900,04;17,62;68,07;9,78;11;99,96;29;32,75;90,004;"WD1 2013";"WD1 jun";"jun 2013";"WD1 jun 2013";"WD1 BGR"
"165";"GB1";"BGR";"jun";"2011";"F";30,79;7,16;899,88;34,99;57,67;19,89;21,88;100,12;26,88;23,63;89,988;"GB1 2011";"GB1 jun";"jun 2011";"GB1 jun 2011";"GB1 BGR"
"166";"WD1";"EXC";"jun";"2011";"P";31,73;5,49;899,68;41,19;59,18;22,58;25,75;100,32;27,45;26,24;89,968;"WD1 2011";"WD1 jun";"jun 2011";"WD1 jun 2011";"WD1 EXC"
"167";"LV1";"EXC";"jun";"2011";"P";29,89;6,8;899,5;41,53;56,71;22,98;25,94;100,5;26,82;23,09;89,95;"LV1 2011";"LV1 jun";"jun 2011";"LV1 jun 2011";"LV1 EXC"
"168";"WD1";"EXC";"jun";"2013";"H";31,28;17,58;899,33;13,94;42,9;6,76;8,69;100,67;11,62;13,7;89,933;"WD1 2013";"WD1 jun";"jun 2013";"WD1 jun 2013";"WD1 EXC"
"169";"WD2";"EXC";"sep";"2013";"A";25,49;14,16;899,21;13,33;39,33;11,48;8,31;100,79;13,84;11,33;89,921;"WD2 2013";"WD2 sep";"sep 2013";"WD2 sep 2013";"WD2 EXC"
"170";"GB2";"BGR";"sep";"2011";"S";42,79;15,77;899,03;15,47;60,74;7,63;9,69;100,97;17,95;27,02;89,903;"GB2 2011";"GB2 sep";"sep 2011";"GB2 sep 2011";"GB2 BGR"
"171";"GB1";"BGR";"aug";"2011";"F";29,78;6,03;898,77;27,69;54,55;16,2;17,31;101,23;24,77;23,75;89,877;"GB1 2011";"GB1 aug";"aug 2011";"GB1 aug 2011";"GB1 BGR"
"172";"GB1";"EXC";"aug";"2011";"A";43,29;14,59;898,76;17,26;56;13,33;10,81;101,24;12,71;28,7;89,876;"GB1 2011";"GB1 aug";"aug 2011";"GB1 aug 2011";"GB1 EXC"
"173";"GB2";"BGR";"sep";"2011";"F";33,67;5,83;898,33;24,5;59,94;13,23;15,31;101,67;26,27;27,84;89,833;"GB2 2011";"GB2 sep";"sep 2011";"GB2 sep 2011";"GB2 BGR"
"174";"GB1";"BGR";"jun";"2013";"F";31,12;5,5;898,26;23,67;60,08;12,18;14,81;101,74;28,96;25,62;89,826;"GB1 2013";"GB1 jun";"jun 2013";"GB1 jun 2013";"GB1 BGR"
"175";"GB2";"EXC";"sep";"2011";"F";35,81;7,13;895,96;17,06;62,26;10,39;10,69;104,04;26,45;28,68;89,596;"GB2 2011";"GB2 sep";"sep 2011";"GB2 sep 2011";"GB2 EXC"
"176";"WD1";"EXC";"jun";"2013";"A";23,54;13,85;894,87;15,48;38,37;10,96;9,69;105,13;14,83;9,69;89,487;"WD1 2013";"WD1 jun";"jun 2013";"WD1 jun 2013";"WD1 EXC"
"177";"GB1";"EXC";"sep";"2011";"F";29,91;5,87;894,8;18,51;54,91;10,21;11,56;105,2;25;24,04;89,48;"GB1 2011";"GB1 sep";"sep 2011";"GB1 sep 2011";"GB1 EXC"
"178";"GB2";"BGR";"jun";"2013";"F";33,29;5,28;894,1;17,25;59,64;9,45;10,81;105,9;26,35;28,01;89,41;"GB2 2013";"GB2 jun";"jun 2013";"GB2 jun 2013";"GB2 BGR"
"179";"GB1";"BGR";"sep";"2011";"F";29,78;5,94;889,52;20,39;55,4;11,83;12,75;110,48;25,62;23,84;88,952;"GB1 2011";"GB1 sep";"sep 2011";"GB1 sep 2011";"GB1 BGR"
"180";"GB1";"BGR";"jun";"2013";"A";43,93;13,79;887,12;22,4;58,6;14,77;14;112,88;14,67;30,14;88,712;"GB1 2013";"GB1 jun";"jun 2013";"GB1 jun 2013";"GB1 BGR"
"181";"WD2";"EXC";"jun";"2013";"A";22,86;12,77;882,76;13,76;36,39;10,14;8,63;117,24;13,53;10,09;88,276;"WD2 2013";"WD2 jun";"jun 2013";"WD2 jun 2013";"WD2 EXC"
"182";"GB1";"EXC";"jun";"2013";"A";45,23;13,36;881,73;17,48;61,16;11,1;10,94;118,27;15,93;31,87;88,173;"GB1 2013";"GB1 jun";"jun 2013";"GB1 jun 2013";"GB1 EXC"
"183";"LV2";"BGR";"jun";"2013";"A";23,97;7,65;878,58;14,02;38,08;9,94;8,75;121,42;14,11;16,32;87,858;"LV2 2013";"LV2 jun";"jun 2013";"LV2 jun 2013";"LV2 BGR"
"184";"LV1";"EXC";"jun";"2013";"A";19,14;7,68;877,35;20,46;31,95;11,81;12,81;122,65;12,81;11,46;87,735;"LV1 2013";"LV1 jun";"jun 2013";"LV1 jun 2013";"LV1 EXC"
"185";"GB1";"EXC";"sep";"2011";"A";40,71;12,86;870,42;20,33;54,55;13,66;12,69;129,58;13,84;27,85;87,042;"GB1 2011";"GB1 sep";"sep 2011";"GB1 sep 2011";"GB1 EXC"
"186";"LV1";"BGR";"jun";"2013";"F";NA;NA;NA;NA;NA;NA;NA;NA;NA;NA;NA;"LV1 2013";"LV1 jun";"jun 2013";"LV1 jun 2013";"LV1 BGR"
"187";"LV2";"EXC";"sep";"2011";"H";NA;NA;NA;NA;NA;NA;NA;NA;NA;NA;NA;"LV2 2011";"LV2 sep";"sep 2011";"LV2 sep 2011";"LV2 EXC"
"188";"WD1";"BGR";"jun";"2013";"H";NA;NA;NA;NA;NA;NA;NA;NA;NA;NA;NA;"WD1 2013";"WD1 jun";"jun 2013";"WD1 jun 2013";"WD1 BGR"
"189";"GB1";"BGR";"jun";"2012";"A";NA;NA;NA;NA;NA;10,82;NA;NA;NA;NA;NA;"GB1 2012";"GB1 jun";"jun 2012";"GB1 jun 2012";"GB1 BGR"
"190";"GB1";"BGR";"jun";"2012";"F";NA;NA;NA;NA;NA;8,62;NA;NA;NA;NA;NA;"GB1 2012";"GB1 jun";"jun 2012";"GB1 jun 2012";"GB1 BGR"
"191";"GB1";"BGR";"jun";"2012";"S";40,65;9,23;NA;NA;66,05;9,22;NA;NA;25,4;31,42;NA;"GB1 2012";"GB1 jun";"jun 2012";"GB1 jun 2012";"GB1 BGR"
"192";"GB2";"BGR";"jun";"2012";"F";32,11;5,42;NA;NA;62,22;7,78;NA;NA;30,11;26,69;NA;"GB2 2012";"GB2 jun";"jun 2012";"GB2 jun 2012";"GB2 BGR"
"193";"LV2";"BGR";"jun";"2012";"S";NA;NA;NA;NA;NA;7,88;NA;NA;NA;NA;NA;"LV2 2012";"LV2 jun";"jun 2012";"LV2 jun 2012";"LV2 BGR"
"194";"WD1";"BGR";"jun";"2012";"F";33,72;7,79;NA;NA;63,65;7,79;NA;NA;29,93;25,93;NA;"WD1 2012";"WD1 jun";"jun 2012";"WD1 jun 2012";"WD1 BGR"
"195";"GB1";"BGR";"jul";"2012";"A";NA;NA;NA;NA;NA;7,85;NA;NA;NA;NA;NA;"GB1 2012";"GB1 jul";"jul 2012";"GB1 jul 2012";"GB1 BGR"
"196";"GB1";"BGR";"jul";"2012";"F";32,82;5,97;NA;NA;60,32;8,64;NA;NA;27,5;26,85;NA;"GB1 2012";"GB1 jul";"jul 2012";"GB1 jul 2012";"GB1 BGR"
"197";"GB1";"BGR";"jul";"2012";"S";NA;NA;NA;NA;NA;6,88;NA;NA;NA;NA;NA;"GB1 2012";"GB1 jul";"jul 2012";"GB1 jul 2012";"GB1 BGR"
"198";"GB1";"EXC";"jul";"2012";"A";41,89;14,62;NA;NA;54,57;6,17;NA;NA;12,68;27,27;NA;"GB1 2012";"GB1 jul";"jul 2012";"GB1 jul 2012";"GB1 EXC"
"199";"GB1";"EXC";"jul";"2012";"F";32,8;6,31;NA;NA;58,94;6,94;NA;NA;26,14;26,49;NA;"GB1 2012";"GB1 jul";"jul 2012";"GB1 jul 2012";"GB1 EXC"
"200";"GB2";"BGR";"jul";"2012";"A";NA;NA;NA;NA;NA;13,68;NA;NA;NA;NA;NA;"GB2 2012";"GB2 jul";"jul 2012";"GB2 jul 2012";"GB2 BGR"
"201";"GB2";"BGR";"jul";"2012";"F";36,68;7,03;NA;NA;64,64;6;NA;NA;27,96;29,65;NA;"GB2 2012";"GB2 jul";"jul 2012";"GB2 jul 2012";"GB2 BGR"
"202";"GB2";"BGR";"jul";"2012";"P";34,36;6,02;NA;NA;63,07;11,79;NA;NA;28,71;28,34;NA;"GB2 2012";"GB2 jul";"jul 2012";"GB2 jul 2012";"GB2 BGR"
"203";"GB2";"BGR";"jul";"2012";"S";42,22;9,64;NA;NA;70,15;9,34;NA;NA;27,93;32,58;NA;"GB2 2012";"GB2 jul";"jul 2012";"GB2 jul 2012";"GB2 BGR"
"204";"GB2";"EXC";"jul";"2012";"F";38,54;6,46;NA;NA;66,19;6,62;NA;NA;27,65;32,08;NA;"GB2 2012";"GB2 jul";"jul 2012";"GB2 jul 2012";"GB2 EXC"
"205";"GB2";"EXC";"jul";"2012";"P";33,18;5,47;NA;NA;61,09;11,85;NA;NA;27,91;27,71;NA;"GB2 2012";"GB2 jul";"jul 2012";"GB2 jul 2012";"GB2 EXC"
"206";"GB2";"EXC";"jul";"2012";"S";36,35;7,56;NA;NA;63,52;8,37;NA;NA;27,17;28,79;NA;"GB2 2012";"GB2 jul";"jul 2012";"GB2 jul 2012";"GB2 EXC"
"207";"LV1";"BGR";"jul";"2012";"F";NA;NA;NA;NA;NA;7,95;NA;NA;NA;NA;NA;"LV1 2012";"LV1 jul";"jul 2012";"LV1 jul 2012";"LV1 BGR"
"208";"LV1";"BGR";"jul";"2012";"H";NA;NA;NA;NA;NA;6,88;NA;NA;NA;NA;NA;"LV1 2012";"LV1 jul";"jul 2012";"LV1 jul 2012";"LV1 BGR"
"209";"LV1";"BGR";"jul";"2012";"P";40,57;6,07;NA;NA;69,78;6,5;NA;NA;29,21;34,5;NA;"LV1 2012";"LV1 jul";"jul 2012";"LV1 jul 2012";"LV1 BGR"
"210";"LV1";"BGR";"jul";"2012";"S";42,17;6,61;NA;NA;67,89;5,21;NA;NA;25,72;35,56;NA;"LV1 2012";"LV1 jul";"jul 2012";"LV1 jul 2012";"LV1 BGR"
"211";"LV1";"EXC";"jul";"2012";"F";NA;NA;NA;NA;NA;17,13;NA;NA;NA;NA;NA;"LV1 2012";"LV1 jul";"jul 2012";"LV1 jul 2012";"LV1 EXC"
"212";"LV1";"EXC";"jul";"2012";"H";NA;NA;NA;NA;NA;7,68;NA;NA;NA;NA;NA;"LV1 2012";"LV1 jul";"jul 2012";"LV1 jul 2012";"LV1 EXC"
"213";"LV1";"EXC";"jul";"2012";"P";38,03;6,09;NA;NA;65,24;7,63;NA;NA;27,21;31,94;NA;"LV1 2012";"LV1 jul";"jul 2012";"LV1 jul 2012";"LV1 EXC"
"214";"LV2";"BGR";"jul";"2012";"H";NA;NA;NA;NA;NA;NA;NA;NA;NA;NA;NA;"LV2 2012";"LV2 jul";"jul 2012";"LV2 jul 2012";"LV2 BGR"
"215";"LV2";"BGR";"jul";"2012";"P";36,7;5,68;NA;NA;64,75;8,41;NA;NA;28,05;31,02;NA;"LV2 2012";"LV2 jul";"jul 2012";"LV2 jul 2012";"LV2 BGR"
"216";"LV2";"BGR";"jul";"2012";"S";NA;NA;NA;NA;NA;4,92;NA;NA;NA;NA;NA;"LV2 2012";"LV2 jul";"jul 2012";"LV2 jul 2012";"LV2 BGR"
"217";"LV2";"EXC";"jul";"2012";"F";NA;NA;NA;NA;NA;8,06;NA;NA;NA;NA;NA;"LV2 2012";"LV2 jul";"jul 2012";"LV2 jul 2012";"LV2 EXC"
"218";"LV2";"EXC";"jul";"2012";"H";NA;NA;NA;NA;NA;6,58;NA;NA;NA;NA;NA;"LV2 2012";"LV2 jul";"jul 2012";"LV2 jul 2012";"LV2 EXC"
"219";"LV2";"EXC";"jul";"2012";"P";41,34;5,98;NA;NA;67,71;5,05;NA;NA;26,37;35,36;NA;"LV2 2012";"LV2 jul";"jul 2012";"LV2 jul 2012";"LV2 EXC"
"220";"LV2";"EXC";"jul";"2012";"S";41,56;6,74;NA;NA;67,2;4,7;NA;NA;25,64;34,82;NA;"LV2 2012";"LV2 jul";"jul 2012";"LV2 jul 2012";"LV2 EXC"
"221";"WD1";"BGR";"jul";"2012";"H";NA;NA;NA;NA;NA;6,25;NA;NA;NA;NA;NA;"WD1 2012";"WD1 jul";"jul 2012";"WD1 jul 2012";"WD1 BGR"
"222";"WD1";"BGR";"jul";"2012";"P";37,96;5,81;NA;NA;67,2;7,06;NA;NA;29,24;32,15;NA;"WD1 2012";"WD1 jul";"jul 2012";"WD1 jul 2012";"WD1 BGR"
"223";"WD1";"EXC";"jul";"2012";"F";NA;NA;NA;NA;NA;8,44;NA;NA;NA;NA;NA;"WD1 2012";"WD1 jul";"jul 2012";"WD1 jul 2012";"WD1 EXC"
"224";"WD1";"EXC";"jul";"2012";"H";NA;NA;NA;NA;NA;7,95;NA;NA;NA;NA;NA;"WD1 2012";"WD1 jul";"jul 2012";"WD1 jul 2012";"WD1 EXC"
"225";"WD1";"EXC";"jul";"2012";"P";38,95;6,2;NA;NA;66,93;6,59;NA;NA;27,98;32,75;NA;"WD1 2012";"WD1 jul";"jul 2012";"WD1 jul 2012";"WD1 EXC"
"226";"WD1";"EXC";"jul";"2012";"S";NA;NA;NA;NA;NA;7,17;NA;NA;NA;NA;NA;"WD1 2012";"WD1 jul";"jul 2012";"WD1 jul 2012";"WD1 EXC"
"227";"WD2";"EXC";"jul";"2012";"H";25,88;13,94;NA;NA;38,22;9,01;NA;NA;12,34;11,94;NA;"WD2 2012";"WD2 jul";"jul 2012";"WD2 jul 2012";"WD2 EXC"
"228";"WD2";"EXC";"jul";"2012";"P";NA;NA;NA;NA;NA;11,8;NA;NA;NA;NA;NA;"WD2 2012";"WD2 jul";"jul 2012";"WD2 jul 2012";"WD2 EXC"
"229";"GB1";"BGR";"aug";"2012";"A";NA;NA;NA;NA;NA;8,01;NA;NA;NA;NA;NA;"GB1 2012";"GB1 aug";"aug 2012";"GB1 aug 2012";"GB1 BGR"
"230";"GB1";"BGR";"aug";"2012";"F";31,76;6,78;NA;NA;57,33;7,7;NA;NA;25,57;24,98;NA;"GB1 2012";"GB1 aug";"aug 2012";"GB1 aug 2012";"GB1 BGR"
"231";"GB2";"BGR";"aug";"2012";"A";NA;NA;NA;NA;NA;14,11;NA;NA;NA;NA;NA;"GB2 2012";"GB2 aug";"aug 2012";"GB2 aug 2012";"GB2 BGR"
"232";"GB2";"BGR";"aug";"2012";"F";37,57;7,97;NA;NA;63,74;8,63;NA;NA;26,17;29,6;NA;"GB2 2012";"GB2 aug";"aug 2012";"GB2 aug 2012";"GB2 BGR"
"233";"GB2";"BGR";"aug";"2012";"P";36,77;6,34;NA;NA;64,65;12,01;NA;NA;27,88;30,43;NA;"GB2 2012";"GB2 aug";"aug 2012";"GB2 aug 2012";"GB2 BGR"
"234";"GB2";"BGR";"aug";"2012";"S";47,02;8,95;NA;NA;79,65;5,48;NA;NA;32,63;38,07;NA;"GB2 2012";"GB2 aug";"aug 2012";"GB2 aug 2012";"GB2 BGR"
"235";"GB2";"BGR";"aug";"2012";"A";NA;NA;NA;NA;NA;7,32;NA;NA;NA;NA;NA;"GB2 2012";"GB2 aug";"aug 2012";"GB2 aug 2012";"GB2 BGR"
"236";"GB2";"EXC";"aug";"2012";"F";NA;NA;NA;NA;NA;10,06;NA;NA;NA;NA;NA;"GB2 2012";"GB2 aug";"aug 2012";"GB2 aug 2012";"GB2 EXC"
"237";"GB2";"EXC";"aug";"2012";"P";38,3;6,86;NA;NA;67,63;8,19;NA;NA;29,33;31,44;NA;"GB2 2012";"GB2 aug";"aug 2012";"GB2 aug 2012";"GB2 EXC"
"238";"GB2";"EXC";"aug";"2012";"S";37,7;10,72;NA;NA;62,38;5,89;NA;NA;24,68;26,98;NA;"GB2 2012";"GB2 aug";"aug 2012";"GB2 aug 2012";"GB2 EXC"
"239";"LV1";"BGR";"aug";"2012";"F";NA;NA;NA;NA;NA;13,36;NA;NA;NA;NA;NA;"LV1 2012";"LV1 aug";"aug 2012";"LV1 aug 2012";"LV1 BGR"
"240";"LV1";"BGR";"aug";"2012";"P";41,73;6,82;NA;NA;69,26;5,49;NA;NA;27,53;34,91;NA;"LV1 2012";"LV1 aug";"aug 2012";"LV1 aug 2012";"LV1 BGR"
"241";"LV1";"BGR";"aug";"2012";"S";NA;NA;NA;NA;NA;4,19;NA;NA;NA;NA;NA;"LV1 2012";"LV1 aug";"aug 2012";"LV1 aug 2012";"LV1 BGR"
"242";"LV1";"EXC";"aug";"2012";"A";23,94;6,89;NA;NA;33,99;4,34;NA;NA;10,05;17,05;NA;"LV1 2012";"LV1 aug";"aug 2012";"LV1 aug 2012";"LV1 EXC"
"243";"LV1";"EXC";"aug";"2012";"H";NA;NA;NA;NA;NA;8,21;NA;NA;NA;NA;NA;"LV1 2012";"LV1 aug";"aug 2012";"LV1 aug 2012";"LV1 EXC"
"244";"LV1";"EXC";"aug";"2012";"P";39,09;6,53;NA;NA;64,92;7,43;NA;NA;25,83;32,56;NA;"LV1 2012";"LV1 aug";"aug 2012";"LV1 aug 2012";"LV1 EXC"
"245";"LV1";"EXC";"aug";"2012";"S";NA;NA;NA;NA;NA;4,87;NA;NA;NA;NA;NA;"LV1 2012";"LV1 aug";"aug 2012";"LV1 aug 2012";"LV1 EXC"
"246";"LV2";"BGR";"aug";"2012";"P";38,22;6,49;NA;NA;65,5;6,14;NA;NA;27,28;31,73;NA;"LV2 2012";"LV2 aug";"aug 2012";"LV2 aug 2012";"LV2 BGR"
"247";"LV2";"EXC";"aug";"2012";"H";32,42;17,94;NA;NA;42,78;5,68;NA;NA;10,36;14,48;NA;"LV2 2012";"LV2 aug";"aug 2012";"LV2 aug 2012";"LV2 EXC"
"248";"LV2";"EXC";"aug";"2012";"P";NA;NA;NA;NA;NA;4,55;NA;NA;NA;NA;NA;"LV2 2012";"LV2 aug";"aug 2012";"LV2 aug 2012";"LV2 EXC"
"249";"WD1";"BGR";"aug";"2012";"P";39,23;6,46;NA;NA;67,86;6,06;NA;NA;28,63;32,77;NA;"WD1 2012";"WD1 aug";"aug 2012";"WD1 aug 2012";"WD1 BGR"
"250";"WD1";"BGR";"aug";"2012";"S";NA;NA;NA;NA;NA;3,9;NA;NA;NA;NA;NA;"WD1 2012";"WD1 aug";"aug 2012";"WD1 aug 2012";"WD1 BGR"
"251";"WD1";"EXC";"aug";"2012";"A";NA;NA;NA;NA;NA;14,45;NA;NA;NA;NA;NA;"WD1 2012";"WD1 aug";"aug 2012";"WD1 aug 2012";"WD1 EXC"
"252";"WD1";"EXC";"aug";"2012";"H";33,55;18,08;NA;NA;44,57;6,32;NA;NA;11,02;15,47;NA;"WD1 2012";"WD1 aug";"aug 2012";"WD1 aug 2012";"WD1 EXC"
"253";"WD1";"EXC";"aug";"2012";"P";39,63;6,32;NA;NA;67,85;6,15;NA;NA;28,22;33,31;NA;"WD1 2012";"WD1 aug";"aug 2012";"WD1 aug 2012";"WD1 EXC"
"254";"WD1";"EXC";"aug";"2012";"S";NA;NA;NA;NA;NA;2,98;NA;NA;NA;NA;NA;"WD1 2012";"WD1 aug";"aug 2012";"WD1 aug 2012";"WD1 EXC"
"255";"WD2";"BGR";"aug";"2012";"P";38,33;6,63;NA;NA;67,72;12,72;NA;NA;29,39;31,7;NA;"WD2 2012";"WD2 aug";"aug 2012";"WD2 aug 2012";"WD2 BGR"
"256";"WD2";"BGR";"aug";"2012";"S";49,51;11,07;NA;NA;78,07;5,54;NA;NA;28,56;38,44;NA;"WD2 2012";"WD2 aug";"aug 2012";"WD2 aug 2012";"WD2 BGR"
"257";"WD2";"EXC";"aug";"2012";"A";NA;NA;NA;NA;NA;13,09;NA;NA;NA;NA;NA;"WD2 2012";"WD2 aug";"aug 2012";"WD2 aug 2012";"WD2 EXC"
"258";"WD2";"EXC";"aug";"2012";"H";26,89;12,91;NA;NA;39,62;7,19;NA;NA;12,73;13,98;NA;"WD2 2012";"WD2 aug";"aug 2012";"WD2 aug 2012";"WD2 EXC"
"259";"WD2";"EXC";"aug";"2012";"P";36,13;5,63;NA;NA;64,75;10,13;NA;NA;28,62;30,5;NA;"WD2 2012";"WD2 aug";"aug 2012";"WD2 aug 2012";"WD2 EXC"
"260";"GB1";"BGR";"sep";"2012";"A";NA;NA;NA;NA;NA;8,46;NA;NA;NA;NA;NA;"GB1 2012";"GB1 sep";"sep 2012";"GB1 sep 2012";"GB1 BGR"
"261";"GB1";"BGR";"sep";"2012";"F";NA;NA;NA;NA;NA;7,17;NA;NA;NA;NA;NA;"GB1 2012";"GB1 sep";"sep 2012";"GB1 sep 2012";"GB1 BGR"
"262";"GB1";"BGR";"sep";"2012";"P";37,5;5,89;NA;NA;66,71;8,11;NA;NA;29,21;31,61;NA;"GB1 2012";"GB1 sep";"sep 2012";"GB1 sep 2012";"GB1 BGR"
"263";"GB1";"BGR";"sep";"2012";"S";NA;NA;NA;NA;NA;9,1;NA;NA;NA;NA;NA;"GB1 2012";"GB1 sep";"sep 2012";"GB1 sep 2012";"GB1 BGR"
"264";"GB1";"EXC";"sep";"2012";"P";35,45;5,92;NA;NA;54,75;7,45;NA;NA;19,3;29,53;NA;"GB1 2012";"GB1 sep";"sep 2012";"GB1 sep 2012";"GB1 EXC"
"265";"GB1";"EXC";"sep";"2012";"S";39,56;9,17;NA;NA;67,04;7,79;NA;NA;27,48;30,39;NA;"GB1 2012";"GB1 sep";"sep 2012";"GB1 sep 2012";"GB1 EXC"
"266";"GB2";"BGR";"sep";"2012";"F";31,11;5,49;NA;NA;58,95;7,88;NA;NA;27,84;25,62;NA;"GB2 2012";"GB2 sep";"sep 2012";"GB2 sep 2012";"GB2 BGR"
"267";"GB2";"EXC";"sep";"2012";"A";NA;NA;NA;NA;NA;7,62;NA;NA;NA;NA;NA;"GB2 2012";"GB2 sep";"sep 2012";"GB2 sep 2012";"GB2 EXC"
"268";"GB2";"EXC";"sep";"2012";"F";33,71;5,97;NA;NA;61,63;4,72;NA;NA;27,92;27,74;NA;"GB2 2012";"GB2 sep";"sep 2012";"GB2 sep 2012";"GB2 EXC"
"269";"LV1";"BGR";"sep";"2012";"H";NA;NA;NA;NA;NA;4,77;NA;NA;NA;NA;NA;"LV1 2012";"LV1 sep";"sep 2012";"LV1 sep 2012";"LV1 BGR"
"270";"LV1";"BGR";"sep";"2012";"P";40,21;6,5;NA;NA;67,88;4,12;NA;NA;27,67;33,71;NA;"LV1 2012";"LV1 sep";"sep 2012";"LV1 sep 2012";"LV1 BGR"
"271";"LV1";"BGR";"sep";"2012";"S";42,43;7,97;NA;NA;73,4;4,2;NA;NA;30,97;34,46;NA;"LV1 2012";"LV1 sep";"sep 2012";"LV1 sep 2012";"LV1 BGR"
"272";"LV1";"EXC";"sep";"2012";"H";NA;NA;NA;NA;NA;5,34;NA;NA;NA;NA;NA;"LV1 2012";"LV1 sep";"sep 2012";"LV1 sep 2012";"LV1 EXC"
"273";"LV1";"EXC";"sep";"2012";"P";43,65;6,68;NA;NA;73,02;2,16;NA;NA;29,37;36,97;NA;"LV1 2012";"LV1 sep";"sep 2012";"LV1 sep 2012";"LV1 EXC"
"274";"LV1";"EXC";"sep";"2012";"S";48,58;7,12;NA;NA;79,15;2,17;NA;NA;30,57;41,46;NA;"LV1 2012";"LV1 sep";"sep 2012";"LV1 sep 2012";"LV1 EXC"
"275";"LV2";"BGR";"sep";"2012";"H";NA;NA;NA;NA;NA;10,03;NA;NA;NA;NA;NA;"LV2 2012";"LV2 sep";"sep 2012";"LV2 sep 2012";"LV2 BGR"
"276";"LV2";"BGR";"sep";"2012";"P";NA;NA;NA;NA;NA;5,5;NA;NA;NA;NA;NA;"LV2 2012";"LV2 sep";"sep 2012";"LV2 sep 2012";"LV2 BGR"
"277";"LV2";"EXC";"sep";"2012";"H";29,33;13,35;NA;NA;44,34;7,45;NA;NA;15,01;15,98;NA;"LV2 2012";"LV2 sep";"sep 2012";"LV2 sep 2012";"LV2 EXC"
"278";"LV2";"EXC";"sep";"2012";"P";41,08;6,91;NA;NA;69,03;2,32;NA;NA;27,95;34,17;NA;"LV2 2012";"LV2 sep";"sep 2012";"LV2 sep 2012";"LV2 EXC"
"279";"LV2";"EXC";"sep";"2012";"S";44,58;9,76;NA;NA;72,7;5,13;NA;NA;28,12;34,82;NA;"LV2 2012";"LV2 sep";"sep 2012";"LV2 sep 2012";"LV2 EXC"
"280";"WD1";"BGR";"sep";"2012";"H";NA;NA;NA;NA;NA;5,31;NA;NA;NA;NA;NA;"WD1 2012";"WD1 sep";"sep 2012";"WD1 sep 2012";"WD1 BGR"
"281";"WD1";"BGR";"sep";"2012";"P";41,8;6,23;NA;NA;70,83;4,18;NA;NA;29,03;35,57;NA;"WD1 2012";"WD1 sep";"sep 2012";"WD1 sep 2012";"WD1 BGR"
"282";"WD1";"EXC";"sep";"2012";"H";33,83;18,44;NA;NA;44,64;6,42;NA;NA;10,81;15,39;NA;"WD1 2012";"WD1 sep";"sep 2012";"WD1 sep 2012";"WD1 EXC"
"283";"WD1";"EXC";"sep";"2012";"P";41,27;6,25;NA;NA;69,43;2,63;NA;NA;28,16;35,02;NA;"WD1 2012";"WD1 sep";"sep 2012";"WD1 sep 2012";"WD1 EXC"
"284";"WD1";"EXC";"sep";"2012";"S";40,72;8,07;NA;NA;69,79;5,02;NA;NA;29,07;32,65;NA;"WD1 2012";"WD1 sep";"sep 2012";"WD1 sep 2012";"WD1 EXC"
"285";"WD2";"BGR";"sep";"2012";"P";NA;NA;NA;NA;NA;10,62;NA;NA;NA;NA;NA;"WD2 2012";"WD2 sep";"sep 2012";"WD2 sep 2012";"WD2 BGR"
"286";"WD2";"EXC";"sep";"2012";"A";NA;NA;NA;NA;NA;12,03;NA;NA;NA;NA;NA;"WD2 2012";"WD2 sep";"sep 2012";"WD2 sep 2012";"WD2 EXC"
"287";"WD2";"EXC";"sep";"2012";"H";27,58;13,43;NA;NA;39,54;6,3;NA;NA;11,96;14,15;NA;"WD2 2012";"WD2 sep";"sep 2012";"WD2 sep 2012";"WD2 EXC"
"288";"WD2";"EXC";"sep";"2012";"P";43,53;6,12;NA;NA;72,25;5,57;NA;NA;28,72;37,41;NA;"WD2 2012";"WD2 sep";"sep 2012";"WD2 sep 2012";"WD2 EXC"
